{"type": "FeatureCollection", "crs": {"type": "name", "properties": {"name": "urn:ogc:def:crs:OGC:1.3:CRS84"}}, "features": [{"type": "Feature", "geometry": {"type": "Polygon", "coordinates": [[[28.936499359885154, 41.15282767041739], [28.936486108796696, 41.15237752821029], [28.936605219373963, 41.15237552503309], [28.93660786973038, 41.152465553471316], [28.937084312570306, 41.15245753950645], [28.93707635958397, 41.15218745426288], [28.937195469775627, 41.1521854504829], [28.937200772080015, 41.15236550730087], [28.937319882585168, 41.152363503385175], [28.93732253391816, 41.15245353178552], [28.93744164457405, 41.15245152774044], [28.937452250677257, 41.15281164130103], [28.936499359885154, 41.15282767041739]]]}, "properties": {"class_code": 1, "class_name": "persistent_water", "area_ha": 0.37}}, {"type": "Feature", "geometry": {"type": "Polygon", "coordinates": [[[28.936242587905898, 41.152201477276485], [28.936239938073804, 41.15211144881468], [28.93635904818682, 41.15210944590258], [28.936361698181667, 41.15219947435808], [28.936242587905898, 41.152201477276485]]]}, "properties": {"class_code": 1, "class_name": "persistent_water", "area_ha": 0.01}}, {"type": "Feature", "geometry": {"type": "Polygon", "coordinates": [[[28.937311928658335, 41.15209341817483], [28.937293369916436, 41.15146321929636], [28.937174261038855, 41.151465223148925], [28.937166307960894, 41.151195137873074], [28.936928091146182, 41.15119914517109], [28.936925440469736, 41.15110911673008], [28.937282765185522, 41.15110310561736], [28.937288067526936, 41.151283162459976], [28.937883610107015, 41.151273141414094], [28.937896870239747, 41.1517232833356], [28.93801597953346, 41.15172127872561], [28.938018631758837, 41.15181130709893], [28.93813774120328, 41.151809302359545], [28.938145698439826, 41.15207938745128], [28.937311928658335, 41.15209341817483]]]}, "properties": {"class_code": 1, "class_name": "persistent_water", "area_ha": 0.58}}, {"type": "Feature", "geometry": {"type": "Polygon", "coordinates": [[[28.934111838133788, 41.1486343640871], [28.934103898414307, 41.14836427818919], [28.93446120882396, 41.148358276155015], [28.934469150008017, 41.148628361996195], [28.934111838133788, 41.1486343640871]]]}, "properties": {"class_code": 1, "class_name": "persistent_water", "area_ha": 0.09}}, {"type": "Feature", "geometry": {"type": "Polygon", "coordinates": [[[28.869124613391733, 41.13871858332473], [28.869114386266922, 41.13835845457833], [28.869352566004814, 41.13835458850383], [28.86936279443101, 41.138714717201516], [28.869124613391733, 41.13871858332473]]]}, "properties": {"class_code": 1, "class_name": "persistent_water", "area_ha": 0.08}}, {"type": "Feature", "geometry": {"type": "Polygon", "coordinates": [[[28.869471655856373, 41.13835265528202], [28.869469098616136, 41.13826262310984], [28.869588188293427, 41.13826068977108], [28.869580516154265, 41.137990593263545], [28.869699605331956, 41.137988659820024], [28.869694490305154, 41.137808595486135], [28.87017084559861, 41.13780086053045], [28.87017852010823, 41.13807095695585], [28.87041669866138, 41.13806708870324], [28.870419257179787, 41.13815712082977], [28.86994289937641, 41.13816485686723], [28.869945457255735, 41.13825488901659], [28.86982636761323, 41.138256822724465], [28.869828925341476, 41.138346854878364], [28.869471655856373, 41.13835265528202]]]}, "properties": {"class_code": 1, "class_name": "persistent_water", "area_ha": 0.26}}, {"type": "Feature", "geometry": {"type": "Polygon", "coordinates": [[[28.86978544553822, 41.13681630805207], [28.86978288800709, 41.13672627587193], [28.87002106174992, 41.136722408540294], [28.87002361960637, 41.13681244070826], [28.86978544553822, 41.13681630805207]]]}, "properties": {"class_code": 1, "class_name": "persistent_water", "area_ha": 0.02}}, {"type": "Feature", "geometry": {"type": "Polygon", "coordinates": [[[28.87322615385921, 41.136310023368424], [28.873221029490598, 41.13612995934483], [28.87357828614991, 41.136124147569106], [28.87358341149444, 41.136304211556094], [28.87322615385921, 41.136310023368424]]]}, "properties": {"class_code": 1, "class_name": "persistent_water", "area_ha": 0.06}}, {"type": "Feature", "geometry": {"type": "Polygon", "coordinates": [[[28.885066698168657, 41.14206166785895], [28.885058961499656, 41.14179157392697], [28.88517805649599, 41.14178962433574], [28.885167740450235, 41.14142949909604], [28.885286834784107, 41.141427549406345], [28.885284255639213, 41.1413375180987], [28.8854033497987, 41.14133556829209], [28.885398191218613, 41.141155505684445], [28.88551728504103, 41.14115355576708], [28.885512126182334, 41.14097349316554], [28.885631219667687, 41.14097154313742], [28.88562348097929, 41.14070144924196], [28.885742573964887, 41.14069949910922], [28.8857399942628, 41.14060946781379], [28.88585908707401, 41.14060751756415], [28.885848767731872, 41.14024739239156], [28.885967859880665, 41.140245442043465], [28.885960120008832, 41.13997534816622], [28.886079211657883, 41.139973397713504], [28.88607663156132, 41.139883366424144], [28.886195723036, 41.13988141585454], [28.886193142788457, 41.13979138456978], [28.886312234088763, 41.13978943388329], [28.88630965369024, 41.13969940260313], [28.886428744816172, 41.139697451799734], [28.886426164266666, 41.139607420524186], [28.886545255218223, 41.13960546960389], [28.88654267451775, 41.139515438332936], [28.886661765294928, 41.13951348729575], [28.886659184443474, 41.13942345602941], [28.886778275046282, 41.13942150487534], [28.886775694043862, 41.13933147361358], [28.88689478447229, 41.13932952234262], [28.886892203318897, 41.13923949108546], [28.887011293572954, 41.13923753969762], [28.88700613097593, 41.13905747719099], [28.887125220892933, 41.139055525692406], [28.887122639449313, 41.138965494442914], [28.887241729191945, 41.13896354282743], [28.88723914759735, 41.13887351158255], [28.88735823716561, 41.13887155985019], [28.887355655420055, 41.1387815286099], [28.887474744813947, 41.13877957676065], [28.88747216291742, 41.13868954552497], [28.88759125213694, 41.13868759355883], [28.887588670089453, 41.13859756232777], [28.887707759134596, 41.13859561024474], [28.88770517693615, 41.13850557901827], [28.887824265806923, 41.13850362681837], [28.88782168345752, 41.1384135955965], [28.887940772153915, 41.13841164327971], [28.88793818965356, 41.13832161206245], [28.888057278175584, 41.13831965962878], [28.888054695524268, 41.138229628416134], [28.888173783871917, 41.13822767586558], [28.888168618279085, 41.13804761344795], [28.888287706289702, 41.138045660786666], [28.888282540418388, 41.13786559837516], [28.888401628091973, 41.13786364560315], [28.888393878884848, 41.13759355199276], [28.888512966058745, 41.13759159911618], [28.888510382850463, 41.13750156791577], [28.888867643813903, 41.13749570856629], [28.888865060129366, 41.1374056773828], [28.888984146931097, 41.13740372402642], [28.888981563095616, 41.137313692847535], [28.88910064972298, 41.13731173937427], [28.88909806573656, 41.137221708199995], [28.889336238630825, 41.13721780089668], [28.889333654330812, 41.13712776973318], [28.889571826852908, 41.137123861950066], [28.8895692422393, 41.13703383079733], [28.88968832832012, 41.13703187672739], [28.88968574355558, 41.13694184557926], [28.889804829462026, 41.136939891392444], [28.889802244546548, 41.13684986024892], [28.88992133027862, 41.13684790594524], [28.889913575114555, 41.13657781252389], [28.890032660346964, 41.136575858115656], [28.89003007515306, 41.13648582697828], [28.8901491602111, 41.13648387245317], [28.89014657486627, 41.13639384132039], [28.890503829482117, 41.136387977025414], [28.890501243661067, 41.13629794590956], [28.89097758233414, 41.136290125151895], [28.89097499587423, 41.136200094059156], [28.891213164815124, 41.1361961829545], [28.891210578041644, 41.13610615187253], [28.891448746610344, 41.1361022402881], [28.891446159523305, 41.13601220921691], [28.891684327719794, 41.13600829715271], [28.8916817403192, 41.1359182660923], [28.891800824237205, 41.13591630988183], [28.8917982366857, 41.13582627882604], [28.89203640416123, 41.13582236604837], [28.892033816296166, 41.135732335003354], [28.892271983399493, 41.135728421745924], [28.892269395220875, 41.13563839071169], [28.893102978574372, 41.1356246904787], [28.893110746560886, 41.13589478344726], [28.893229830338075, 41.135892825760536], [28.893250546786444, 41.13661307355934], [28.893131461708094, 41.136615031295406], [28.89313405115432, 41.13670506226947], [28.893014965901575, 41.13670701988869], [28.89301755519689, 41.136797050867365], [28.8927793843309, 41.136800965749046], [28.89278197331266, 41.136890996738536], [28.89230563078922, 41.13689882505027], [28.892308219132115, 41.13698885606285], [28.891831875770322, 41.13699668243082], [28.891834463474336, 41.137086713466516], [28.891596291397747, 41.13709062592467], [28.891598878788187, 41.13718065697115], [28.89147979256964, 41.13718261302185], [28.891482379809155, 41.13727264407295], [28.891363293416223, 41.13727460000678], [28.891365880504814, 41.137364631062496], [28.8910086207677, 41.137370498144314], [28.891011207380053, 41.13746052921697], [28.890653947049426, 41.137466395210005], [28.890659119333367, 41.137646457387646], [28.890420945070364, 41.13765036745916], [28.890426116750575, 41.137830429655246], [28.890187941790042, 41.13783433925929], [28.890190527322414, 41.13792437036734], [28.890071439661906, 41.13792632499097], [28.890074025043333, 41.13801635610361], [28.88995493720845, 41.13801831061037], [28.889960107681144, 41.13819837284337], [28.889841019509216, 41.13820032723941], [28.889843604600483, 41.13829035835974], [28.889724516254162, 41.13829231263891], [28.889727101194485, 41.13838234376386], [28.88960801267379, 41.13838429792614], [28.889610597463165, 41.138474329055704], [28.889491508768085, 41.13847628310111], [28.889494093406515, 41.138566314235284], [28.889375004537055, 41.138568268163816], [28.889377589024537, 41.13865829930259], [28.888424876345738, 41.13867392635088], [28.8884274595436, 41.13876395753736], [28.888308370243376, 41.138765910370886], [28.888310953290283, 41.13885594156197], [28.888191863815674, 41.13885789427862], [28.888194446711626, 41.13894792547429], [28.888075357062643, 41.13894987807406], [28.888077939807633, 41.13903990927436], [28.887958849984273, 41.139041861757235], [28.887964015184032, 41.13922192416547], [28.88784492502362, 41.13922387653762], [28.88784750747839, 41.13931390774558], [28.887728417143595, 41.13931586000084], [28.887730999447406, 41.13940589121341], [28.887611908938233, 41.13940784335178], [28.887614491091075, 41.13949787456893], [28.88749540040752, 41.13949982659042], [28.88749798240939, 41.13958985781219], [28.88737889155146, 41.1395918097168], [28.887381473402364, 41.13968184094316], [28.887262382370047, 41.13968379273087], [28.88726496406998, 41.13977382396185], [28.88714587286329, 41.139775775632664], [28.887148454412245, 41.13986580686825], [28.887029363031175, 41.13986775842218], [28.887039688693335, 41.14022788337365], [28.886920596649844, 41.14022983482913], [28.886925759225786, 41.140409897307876], [28.886806666845228, 41.14041184865262], [28.88681182914262, 41.140591911137484], [28.88669273642499, 41.14059386237147], [28.88669789844382, 41.14077392486246], [28.886578805389124, 41.140775875985696], [28.88658396712939, 41.1409559384828], [28.886464873737616, 41.14095788949528], [28.88646745446262, 41.14104792074766], [28.886348360896463, 41.14104987164325], [28.88635352205618, 41.14122993415565], [28.88623442815295, 41.141231884940495], [28.886237008587667, 41.14132191620054], [28.886117914510052, 41.14132386686847], [28.886123075089206, 41.141503929396194], [28.88600398067451, 41.14150587995337], [28.88600656081894, 41.141595911221074], [28.885887466229857, 41.14159786166134], [28.885892626228433, 41.141777924204376], [28.885773531302263, 41.1417798745339], [28.885776111156403, 41.141869905809244], [28.88565701605584, 41.141871856021844], [28.885659595758987, 41.14196188730179], [28.885540500484034, 41.1419638373975], [28.88554308003618, 41.14205386868204], [28.885066698168657, 41.14206166785895]]]}, "properties": {"class_code": 1, "class_name": "persistent_water", "area_ha": 8.83}}, {"type": "Feature", "geometry": {"type": "Polygon", "coordinates": [[[28.87869895343342, 41.1360407237775], [28.878693814147493, 41.13586066031001], [28.87857472943155, 41.135862602969496], [28.878569590517515, 41.13568253948359], [28.878331421701255, 41.135686424409], [28.878328852587003, 41.1355963926515], [28.878090684049447, 41.13560027707257], [28.87808554650647, 41.135420213528455], [28.878442798319455, 41.13541438674903], [28.878447936838313, 41.13559445025643], [28.87892427372705, 41.13558667944591], [28.87892170381122, 41.13549664771746], [28.87904078784163, 41.1354947047134], [28.87903821777481, 41.13540467298952], [28.879633636938877, 41.13539495615446], [28.879636207818923, 41.13548498784772], [28.87999345966543, 41.13547915625204], [28.879998602436352, 41.135659219597166], [28.880236770926317, 41.1356553312271], [28.880247057909227, 41.13601545784983], [28.879889803205025, 41.1360212902939], [28.879882089414185, 41.135751195274054], [28.879167582618713, 41.13576285673029], [28.87917015289479, 41.135852888441846], [28.87905106822544, 41.13585483159343], [28.879056208487253, 41.13603489502418], [28.87869895343342, 41.1360407237775]]]}, "properties": {"class_code": 1, "class_name": "persistent_water", "area_ha": 0.68}}, {"type": "Feature", "geometry": {"type": "Polygon", "coordinates": [[[28.879990888297456, 41.13538912457716], [28.879985745596482, 41.13520906122276], [28.879866662147233, 41.13521100519263], [28.879864090976866, 41.13512097350699], [28.880102257538436, 41.13511708545648], [28.880109972060342, 41.13538718047201], [28.879990888297456, 41.13538912457716]]]}, "properties": {"class_code": 1, "class_name": "persistent_water", "area_ha": 0.04}}, {"type": "Feature", "geometry": {"type": "Polygon", "coordinates": [[[28.87124776358651, 41.13796351385805], [28.871237525120623, 41.137603385501], [28.870999348356552, 41.137607255415155], [28.870994229843895, 41.13742719120298], [28.87087514176978, 41.137429125963315], [28.870852110501072, 41.13661883687732], [28.8707330238793, 41.13662077145976], [28.870730465070103, 41.13653073932528], [28.870611378599392, 41.1365326737786], [28.870608819964456, 41.13644264163649], [28.870370647313536, 41.13644651016186], [28.87034250667314, 41.13545615636271], [28.869747083788713, 41.13546582518802], [28.869744526431504, 41.135375792984746], [28.86950635752186, 41.13537965964151], [28.869498686495664, 41.135109562985875], [28.869617770468338, 41.13510762973728], [28.86961265618355, 41.13492756530465], [28.87056532494526, 41.13491209498451], [28.870578117249984, 41.13536225581079], [28.871173538915233, 41.13535258271009], [28.87117609822421, 41.135442614840244], [28.8712951826851, 41.13544067984493], [28.871297742168327, 41.13553071196745], [28.87141682678026, 41.13552877684301], [28.871419386437736, 41.13561880895789], [28.871538471200715, 41.13561687370434], [28.871541031032447, 41.13570690581157], [28.87166011594647, 41.13570497042889], [28.871662675952454, 41.13579500252848], [28.872139016143066, 41.13578725974314], [28.87214157681126, 41.135877291816804], [28.872260661992545, 41.135875355806796], [28.872265783689052, 41.13605541993727], [28.87250395466739, 41.13605154752379], [28.872509077060954, 41.1362316116237], [28.872628162858007, 41.13622967522022], [28.872633285623323, 41.13640973930175], [28.872752371734073, 41.13640780276304], [28.872757494871145, 41.13658786682619], [28.872876581295593, 41.13658593015224], [28.872891951961478, 41.13712612226807], [28.87277286456108, 41.137128058978625], [28.872780549562833, 41.137398155034006], [28.872661461662833, 41.13740009163984], [28.872664023190648, 41.13749012366131], [28.872306758933004, 41.1374959327589], [28.87231188104749, 41.13767599683382], [28.871597350266754, 41.1376876117803], [28.871605030597575, 41.13795770799091], [28.87124776358651, 41.13796351385805]]]}, "properties": {"class_code": 1, "class_name": "persistent_water", "area_ha": 4.42}}, {"type": "Feature", "geometry": {"type": "Polygon", "coordinates": [[[28.874497639541534, 41.13493822865654], [28.874482256886232, 41.13439803683126], [28.87460133923289, 41.13439609845847], [28.874598775335052, 41.13430606648828], [28.874717857507452, 41.13430412799857], [28.874715293458593, 41.13421409603296], [28.874953457443247, 41.1342102186967], [28.874956021817372, 41.1343002506501], [28.8750751039549, 41.134298311791326], [28.875090491419613, 41.13483850344262], [28.874852325181283, 41.134842381110445], [28.874854889474143, 41.13493241305914], [28.874497639541534, 41.13493822865654]]]}, "properties": {"class_code": 1, "class_name": "persistent_water", "area_ha": 0.34}}, {"type": "Feature", "geometry": {"type": "Polygon", "coordinates": [[[28.87734536530833, 41.134531545585425], [28.877342797646577, 41.13444151375891], [28.877223715404813, 41.134443454967254], [28.877218580441504, 41.13426339129735], [28.877099498513367, 41.134265332370454], [28.87709693121181, 41.134175300527076], [28.87685876764589, 41.13417918229199], [28.87685106678684, 41.1339090867159], [28.876731985474326, 41.133911027395484], [28.87672941870722, 41.13382099552758], [28.8766103375457, 41.13382293607804], [28.876600071244145, 41.13346280856655], [28.877314554135587, 41.133451163565326], [28.877296581725542, 41.13282094061761], [28.877534740319486, 41.132817058052055], [28.877529604799456, 41.13263699436329], [28.877648683753723, 41.13263505290822], [28.877646115848545, 41.132545021067635], [28.87776519462855, 41.13254307949567], [28.87776262657239, 41.13245304765966], [28.878119862354684, 41.13244722222407], [28.878117293822307, 41.13235719040488], [28.878355450627044, 41.13235330617836], [28.878352881781076, 41.13226327436984], [28.87847196000336, 41.13226133207817], [28.87846682202113, 41.132081268468774], [28.878704977780288, 41.1320773835409], [28.87870240848141, 41.13198735174611], [28.879178719209463, 41.13197958043876], [28.879176149271775, 41.13188954866692], [28.879533381707645, 41.131883718913194], [28.879535952133182, 41.13197375066665], [28.87977410735739, 41.13196986353689], [28.87977924889389, 41.13214992701471], [28.879898326813745, 41.13214798325306], [28.879900897762095, 41.13223801498353], [28.880139053892076, 41.132234127078966], [28.880146767782755, 41.132504222224355], [28.88002768923574, 41.13250616625652], [28.88003283156257, 41.13268622969131], [28.879675594875856, 41.13269206108648], [28.87968330698993, 41.13296215628221], [28.879564227583174, 41.13296409985295], [28.879571939314264, 41.13323419505315], [28.879333779490054, 41.133238081862324], [28.87933892005188, 41.133418145345885], [28.879100759530555, 41.13342203168751], [28.879105899488472, 41.133602095189396], [28.87886773827004, 41.13360598106344], [28.878872877624037, 41.13378604458364], [28.87875379667209, 41.13378798734838], [28.878764074869355, 41.13414811439472], [28.878287748342952, 41.13415588432146], [28.878285179426697, 41.1340658525377], [28.87780885336448, 41.134073620471696], [28.877821694809537, 41.13452377949737], [28.87734536530833, 41.134531545585425]]]}, "properties": {"class_code": 1, "class_name": "persistent_water", "area_ha": 4.38}}, {"type": "Feature", "geometry": {"type": "Polygon", "coordinates": [[[28.945952819720176, 41.12996987819485], [28.94594483665253, 41.12969979331409], [28.94606390553985, 41.129697781260305], [28.94607188909521, 41.129967866122044], [28.945952819720176, 41.12996987819485]]]}, "properties": {"class_code": 1, "class_name": "persistent_water", "area_ha": 0.03}}, {"type": "Feature", "geometry": {"type": "Polygon", "coordinates": [[[28.879469124856257, 41.129632924574594], [28.879463984622745, 41.129452860985815], [28.87958305768774, 41.129450917653884], [28.879588198246445, 41.12963098123041], [28.879469124856257, 41.129632924574594]]]}, "properties": {"class_code": 1, "class_name": "persistent_water", "area_ha": 0.02}}, {"type": "Feature", "geometry": {"type": "Polygon", "coordinates": [[[28.95996004047463, 41.1282911638056], [28.95995736045118, 41.12820113623938], [28.959838295256116, 41.12820316259255], [28.959830255746297, 41.12793307986539], [28.960187449832063, 41.12792700049441], [28.96019013014418, 41.12801702805254], [28.96030919497769, 41.128015001343215], [28.96031723647459, 41.12828508398909], [28.95996004047463, 41.1282911638056]]]}, "properties": {"class_code": 1, "class_name": "persistent_water", "area_ha": 0.14}}, {"type": "Feature", "geometry": {"type": "Polygon", "coordinates": [[[28.878511399683443, 41.1294684032134], [28.878503693322813, 41.129198307671764], [28.87838462064077, 41.129200249878366], [28.87837948345043, 41.129020186163984], [28.878141338701784, 41.12902407018373], [28.878133633979143, 41.12875397456385], [28.87849084962133, 41.1287481484048], [28.87848571222225, 41.12856808468722], [28.878961998281433, 41.1285603148022], [28.87896970634858, 41.12883041030283], [28.87861249035837, 41.128836237956165], [28.878620197067033, 41.12910633349797], [28.87873926956319, 41.1291043910515], [28.87874183865196, 41.12919442288957], [28.87909905655833, 41.129188594793796], [28.87910676535787, 41.12945869024363], [28.878511399683443, 41.1294684032134]]]}, "properties": {"class_code": 1, "class_name": "persistent_water", "area_ha": 0.43}}, {"type": "Feature", "geometry": {"type": "Polygon", "coordinates": [[[28.879795498436533, 41.12854671276819], [28.87978778705989, 41.12827661738224], [28.88026407065543, 41.12826884215903], [28.880271783983098, 41.1285389374715], [28.879795498436533, 41.12854671276819]]]}, "properties": {"class_code": 1, "class_name": "persistent_water", "area_ha": 0.12}}, {"type": "Feature", "geometry": {"type": "Polygon", "coordinates": [[[28.960415979709456, 41.12359959631707], [28.96040793913276, 41.12332951346686], [28.96064605181128, 41.123325459851564], [28.960654093363072, 41.123595542663466], [28.960415979709456, 41.12359959631707]]]}, "properties": {"class_code": 1, "class_name": "persistent_water", "area_ha": 0.06}}, {"type": "Feature", "geometry": {"type": "Polygon", "coordinates": [[[28.9603998986654, 41.123059430602645], [28.960391858307386, 41.12278934772443], [28.96062996903577, 41.12278529418576], [28.960638010368854, 41.12305537702566], [28.9603998986654, 41.123059430602645]]]}, "properties": {"class_code": 1, "class_name": "persistent_water", "area_ha": 0.06}}, {"type": "Feature", "geometry": {"type": "Polygon", "coordinates": [[[28.868976799974927, 41.12511984174351], [28.86895891259982, 41.12448961487589], [28.8687207829473, 41.12449347907501], [28.8687131180785, 41.12422338178635], [28.868951246755675, 41.124219517623764], [28.868953802025473, 41.12430955004269], [28.869191930981426, 41.124305685376], [28.86918681980319, 41.12412562056099], [28.86942494806258, 41.124121755426756], [28.869422392165735, 41.12403172302911], [28.869541456115492, 41.12402979028362], [28.8695337880068, 41.12375969309969], [28.870010041739334, 41.12375196096107], [28.87001771179866, 41.124022058071915], [28.869779583980254, 41.12402592442372], [28.86978980958784, 41.124386053931964], [28.86967074501103, 41.12438798694777], [28.869680970153805, 41.1247481164557], [28.869442839664952, 41.12475198216708], [28.869450507668343, 41.125022079318384], [28.869331441918856, 41.12502401200787], [28.869333997780593, 41.12511404439464], [28.868976799974927, 41.12511984174351]]]}, "properties": {"class_code": 1, "class_name": "persistent_water", "area_ha": 0.77}}, {"type": "Feature", "geometry": {"type": "Polygon", "coordinates": [[[28.87312617401319, 41.12442191176345], [28.87311849110067, 41.124151815151265], [28.872880363235197, 41.12415568792218], [28.872867560238703, 41.12370552681004], [28.87298662336448, 41.12370359051657], [28.872981501922034, 41.123523526073114], [28.873219627488577, 41.12351965314167], [28.8732221885291, 41.123609685351965], [28.873341251457507, 41.123607748695676], [28.873359180204048, 41.12423797408185], [28.87347824425871, 41.12423603725989], [28.873480805717215, 41.12432606944564], [28.873242677271175, 41.12432994297881], [28.873245238416185, 41.124419975175215], [28.87312617401319, 41.12442191176345]]]}, "properties": {"class_code": 1, "class_name": "persistent_water", "area_ha": 0.31}}, {"type": "Feature", "geometry": {"type": "Polygon", "coordinates": [[[28.868938470580435, 41.12376935550605], [28.868935915380135, 41.12367932307788], [28.86881685202266, 41.12368125518413], [28.868814296996497, 41.12359122274833], [28.868695233789996, 41.123593154725526], [28.868679904851533, 41.123052960041804], [28.869037091510425, 41.12304716385087], [28.86903964679219, 41.12313719628375], [28.8691587091512, 41.12313526396808], [28.86916637555364, 41.1234053612392], [28.869285438388708, 41.12340342878229], [28.869287994041905, 41.123493461196816], [28.869407057027946, 41.12349152861085], [28.869414724544697, 41.12376162582691], [28.868938470580435, 41.12376935550605]]]}, "properties": {"class_code": 1, "class_name": "persistent_water", "area_ha": 0.35}}, {"type": "Feature", "geometry": {"type": "Polygon", "coordinates": [[[28.873409089268065, 41.12180516766135], [28.87340652813466, 41.121715135432396], [28.87328746863124, 41.1217170720835], [28.873279785788284, 41.121446975369075], [28.87339884480411, 41.12144503873627], [28.87339628371715, 41.12135500650114], [28.874110636593084, 41.121343384158706], [28.87410551250363, 41.12116331975705], [28.874581746221754, 41.121155569118336], [28.874589434323717, 41.12142566564524], [28.874470375424025, 41.121427603507684], [28.87447293798538, 41.121517635686324], [28.873996701620317, 41.121525385930866], [28.874001825477617, 41.12170545033237], [28.87364464710668, 41.121711261761284], [28.87364720856515, 41.12180129397803], [28.873409089268065, 41.12180516766135]]]}, "properties": {"class_code": 1, "class_name": "persistent_water", "area_ha": 0.42}}, {"type": "Feature", "geometry": {"type": "Polygon", "coordinates": [[[28.87204947483665, 41.12425927100717], [28.87204691534041, 41.12416923874666], [28.871808787266037, 41.12417310930402], [28.871806228106507, 41.12408307702978], [28.87049652465623, 41.12410435623542], [28.870486295286437, 41.12374422685486], [28.870367231917044, 41.12374616056587], [28.870364674766133, 41.1236561282108], [28.870483737972965, 41.12365419450587], [28.87047606610212, 41.12338409744963], [28.870595128809722, 41.12338216364002], [28.87057466969717, 41.122661904804225], [28.870336546871116, 41.122665772203], [28.870321204974093, 41.12212557793826], [28.870797446678857, 41.12211784279506], [28.870792331505616, 41.121937778076564], [28.870554211326564, 41.121941645869725], [28.87053886803549, 41.12140145160404], [28.870776986264122, 41.12139758388401], [28.870761641440005, 41.120857389635916], [28.87111881577047, 41.12085158724333], [28.871113699946676, 41.12067152251818], [28.87123275770859, 41.120669588153575], [28.87122764160613, 41.12048952343446], [28.871584813847132, 41.12048371963947], [28.871589930924745, 41.120663784322026], [28.87147087319762, 41.12066571905551], [28.871478548413442, 41.12093581608603], [28.871597606628146, 41.120933881334274], [28.8716308692158, 41.12210430156024], [28.871392748548946, 41.12210817109931], [28.87139786539395, 41.1222882357507], [28.87115974403055, 41.122292104822286], [28.871167418409804, 41.12256220182439], [28.871286479584924, 41.12256026733179], [28.87128903789707, 41.122650299656634], [28.87140809922314, 41.122648365034976], [28.871418333237898, 41.12300849429455], [28.872013642945102, 41.122998819219795], [28.872011083611298, 41.12290878693769], [28.872368268808767, 41.12290298043549], [28.87237338846326, 41.123083044961554], [28.87249245049763, 41.12308110920268], [28.872495010504828, 41.12317114145729], [28.872852197025953, 41.12316533342454], [28.872862439121352, 41.12352546235437], [28.87250525064966, 41.123531270460326], [28.872510370791705, 41.12371133495259], [28.872153181240268, 41.12371714198839], [28.87216086007741, 41.1239872387701], [28.872398987431954, 41.123983367499285], [28.87240666734886, 41.12425346423053], [28.87204947483665, 41.12425927100717]], [[28.871322297010423, 41.12382071973928], [28.871679487293147, 41.123814915267644], [28.87166925156045, 41.123454786112376], [28.871312063228327, 41.12346059051085], [28.871322297010423, 41.12382071973928]]]}, "properties": {"class_code": 1, "class_name": "persistent_water", "area_ha": 3.97}}, {"type": "Feature", "geometry": {"type": "Polygon", "coordinates": [[[28.87444987535134, 41.12070734602292], [28.874439625593777, 41.12034721724351], [28.874677739480916, 41.12034334154221], [28.874670051309582, 41.120073244978094], [28.874312881924144, 41.12007905829065], [28.87430519532003, 41.11980896165768], [28.874662363242802, 41.119803148400074], [28.87466748860904, 41.119983212786956], [28.874905601149546, 41.11997933664267], [28.874908164175128, 41.12006936882159], [28.87502722059048, 41.12006743055891], [28.875042599963084, 41.12060762356336], [28.87492354257261, 41.12060956186267], [28.874926105679524, 41.12069959403079], [28.87444987535134, 41.12070734602292]]]}, "properties": {"class_code": 1, "class_name": "persistent_water", "area_ha": 0.39}}, {"type": "Feature", "geometry": {"type": "Polygon", "coordinates": [[[28.875262769873167, 41.119973521504086], [28.87525507940347, 41.11970342501304], [28.875731302255396, 41.11969566984682], [28.875738994675306, 41.11996576626455], [28.875262769873167, 41.119973521504086]]]}, "properties": {"class_code": 1, "class_name": "persistent_water", "area_ha": 0.12}}, {"type": "Feature", "geometry": {"type": "Polygon", "coordinates": [[[28.874294946677157, 41.11944883279212], [28.874289822425403, 41.11926876835008], [28.874170767403005, 41.11927070582008], [28.87416308160002, 41.119000609127134], [28.87428213613488, 41.11899867167545], [28.874279574061262, 41.11890863944749], [28.87463673710862, 41.118902826373045], [28.874652112649734, 41.11944301960778], [28.874294946677157, 41.11944883279212]]]}, "properties": {"class_code": 1, "class_name": "persistent_water", "area_ha": 0.21}}, {"type": "Feature", "geometry": {"type": "Polygon", "coordinates": [[[28.8711969459654, 41.11940913499015], [28.87119438807071, 41.11931910260975], [28.87095627741091, 41.11932297103316], [28.870953719852842, 41.11923293863904], [28.870596554263738, 41.119238740333685], [28.87058632609756, 41.11887861066866], [28.870824435201786, 41.118874743043925], [28.8708218778642, 41.11878471063599], [28.87153620392357, 41.11877310484749], [28.87155411235569, 41.1194033314146], [28.8711969459654, 41.11940913499015]]]}, "properties": {"class_code": 1, "class_name": "persistent_water", "area_ha": 0.46}}, {"type": "Feature", "geometry": {"type": "Polygon", "coordinates": [[[28.869866886443308, 41.118710145677106], [28.869864330428978, 41.11862011321736], [28.870221492813954, 41.11861431386381], [28.870218936323692, 41.1185242814208], [28.870337990266332, 41.11852234806314], [28.870343103583473, 41.11870241293544], [28.869866886443308, 41.118710145677106]]]}, "properties": {"class_code": 1, "class_name": "persistent_water", "area_ha": 0.05}}, {"type": "Feature", "geometry": {"type": "Polygon", "coordinates": [[[28.89028462720909, 41.116305138654646], [28.890276876156857, 41.116035044323986], [28.8903959242307, 41.11603309033573], [28.890393340407567, 41.11594305889525], [28.890750484071383, 41.11593719621134], [28.89076082138397, 41.116297321890116], [28.89028462720909, 41.116305138654646]]]}, "properties": {"class_code": 1, "class_name": "persistent_water", "area_ha": 0.15}}, {"type": "Feature", "geometry": {"type": "Polygon", "coordinates": [[[28.87456499011248, 41.11638192387641], [28.874562427888172, 41.116291891622005], [28.87408622931844, 41.11629964143385], [28.874078544665082, 41.11602954458814], [28.87419759383747, 41.116027607337905], [28.87419503214708, 41.11593757505902], [28.87431408114537, 41.11593563769195], [28.874311519304108, 41.11584560541762], [28.8744305681283, 41.1158436679337], [28.874428006136167, 41.11575363566394], [28.87454705478626, 41.11575169806321], [28.87454193051187, 41.11557163353127], [28.874780027127276, 41.115567757985396], [28.8747851520516, 41.115747822492914], [28.87490420066685, 41.11574588452335], [28.87492213940529, 41.11637611020833], [28.87456499011248, 41.11638192387641]]]}, "properties": {"class_code": 1, "class_name": "persistent_water", "area_ha": 0.43}}, {"type": "Feature", "geometry": {"type": "Polygon", "coordinates": [[[28.876793585723775, 41.11517466737288], [28.876791020563353, 41.11508463521449], [28.87667197327142, 41.11508657510827], [28.87666684331041, 41.11490651077463], [28.87714303110856, 41.11489875051078], [28.87715072801725, 41.11516884693555], [28.876793585723775, 41.11517466737288]]]}, "properties": {"class_code": 1, "class_name": "persistent_water", "area_ha": 0.11}}, {"type": "Feature", "geometry": {"type": "Polygon", "coordinates": [[[28.88844469341246, 41.11444377145791], [28.88844211239962, 41.11435373989115], [28.888204022039687, 41.11435764357703], [28.888196280046163, 41.11408754883057], [28.88867245876962, 41.114079741040904], [28.888675040072297, 41.11416977259999], [28.888794084886378, 41.11416782033911], [28.888801829352005, 41.11443791498866], [28.88844469341246, 41.11444377145791]]]}, "properties": {"class_code": 1, "class_name": "persistent_water", "area_ha": 0.17}}, {"type": "Feature", "geometry": {"type": "Polygon", "coordinates": [[[28.887365546345325, 41.114191239356465], [28.88736296682978, 41.11410120772974], [28.887124877234143, 41.11410510916598], [28.88711713973245, 41.11383501423965], [28.887474272646184, 41.11382916195618], [28.887476852289115, 41.11391919358142], [28.887833985585, 41.113913340173156], [28.887841726046155, 41.114183434984206], [28.887365546345325, 41.114191239356465]]]}, "properties": {"class_code": 1, "class_name": "persistent_water", "area_ha": 0.19}}, {"type": "Feature", "geometry": {"type": "Polygon", "coordinates": [[[28.890333915707892, 41.11387233533757], [28.890326165116836, 41.11360224090021], [28.890683296107948, 41.11359637869658], [28.890691048161163, 41.113866473078524], [28.890333915707892, 41.11387233533757]]]}, "properties": {"class_code": 1, "class_name": "persistent_water", "area_ha": 0.09}}, {"type": "Feature", "geometry": {"type": "Polygon", "coordinates": [[[28.891030089137168, 41.11323038959628], [28.89102233586782, 41.112960295237315], [28.891379463236458, 41.11295443095036], [28.89138721796792, 41.11322452525389], [28.891030089137168, 41.11323038959628]]]}, "properties": {"class_code": 1, "class_name": "persistent_water", "area_ha": 0.09}}, {"type": "Feature", "geometry": {"type": "Polygon", "coordinates": [[[28.89137687834941, 41.11286439951277], [28.891369123758547, 41.112594305190676], [28.891607207312763, 41.1125903951007], [28.8916020369943, 41.11241033223624], [28.89184011985183, 41.11240642167922], [28.89183753438528, 41.11231639025699], [28.892194658096336, 41.11231052351805], [28.892207587983084, 41.11276068052133], [28.892088545945526, 41.1127626362547], [28.892091131795592, 41.1128526676569], [28.89137687834941, 41.11286439951277]]]}, "properties": {"class_code": 1, "class_name": "persistent_water", "area_ha": 0.33}}, {"type": "Feature", "geometry": {"type": "Polygon", "coordinates": [[[28.887932387978744, 41.113191135942934], [28.887922067252013, 41.11283100948171], [28.887445897345646, 41.1128388139768], [28.887440738352094, 41.11265875068774], [28.886964569558284, 41.11266655316688], [28.886961990728867, 41.11257652149545], [28.88684294866364, 41.11257847180178], [28.88683779136478, 41.11239840844198], [28.886718749612772, 41.11240035861311], [28.886713592685567, 41.11222029523485], [28.886594551246773, 41.11222224527075], [28.886591972963156, 41.11213221357316], [28.88647293167513, 41.112134163480015], [28.88646519738173, 41.11186406835952], [28.88634615656937, 41.11186601812501], [28.8863281114309, 41.111235796080166], [28.886447151106143, 41.111233846357685], [28.886439417163313, 41.11096375119085], [28.886558456339543, 41.110961801363885], [28.88655587821953, 41.11087176964467], [28.887865306599792, 41.11085031350314], [28.8878704664252, 41.11103037680483], [28.888108544810287, 41.111026474065696], [28.88811886590096, 41.11138660060131], [28.887880786216336, 41.111390503389636], [28.887885946182067, 41.11157056667278], [28.887647865800886, 41.11157446899402], [28.887653025163612, 41.11175453229556], [28.887414944085872, 41.11175843414973], [28.88742526165206, 41.11211856078348], [28.887663344029384, 41.11211465888013], [28.887668503532435, 41.11229472216314], [28.888620835173157, 41.11227910953458], [28.888615673070902, 41.11209904634997], [28.888853755214303, 41.11209514198823], [28.888848592509053, 41.11191507882203], [28.889086673955855, 41.11191117399321], [28.889081510647625, 41.11173111084544], [28.889438631755382, 41.111725252717235], [28.889451542550457, 41.112175410482784], [28.88957058370854, 41.11217345749678], [28.88957316606512, 41.1122634890391], [28.88945412474458, 41.11226544203126], [28.889459289167956, 41.11244550512356], [28.889102164161418, 41.112451363399444], [28.889112491199167, 41.11281148963936], [28.889350575848194, 41.11280758419581], [28.889358322224123, 41.1130776788226], [28.88840597944824, 41.113093297794286], [28.8884085602973, 41.11318332938267], [28.887932387978744, 41.113191135942934]]]}, "properties": {"class_code": 1, "class_name": "persistent_water", "area_ha": 3.6}}, {"type": "Feature", "geometry": {"type": "Polygon", "coordinates": [[[28.894477675288215, 41.13785392197829], [28.894469901159212, 41.137583829315375], [28.894350814409126, 41.137585788349575], [28.894327494120386, 41.13677551022178], [28.894208408822426, 41.13677746907741], [28.89420322699055, 41.13659740724189], [28.894084142006143, 41.136599365962155], [28.894078960546548, 41.13641930410811], [28.893959875875687, 41.13642126269301], [28.893957285326156, 41.13633123175749], [28.89383820080619, 41.136333190213186], [28.89383561043105, 41.13624315926996], [28.89371652606199, 41.13624511759648], [28.893708755494956, 41.135975024739004], [28.893589671602086, 41.13597698292398], [28.893571541828464, 41.13534676615921], [28.893809707325495, 41.1353428497526], [28.893807117079525, 41.13525281879237], [28.893926199647794, 41.1352508604107], [28.89392360925093, 41.135160829455074], [28.894280856397348, 41.135154953590494], [28.894278265524317, 41.13506492265184], [28.895350004865506, 41.135047288470645], [28.895347412540513, 41.134957257585995], [28.895466494468145, 41.13495529762361], [28.895463901992276, 41.13486526674361], [28.895702065487015, 41.134861346462145], [28.89569947269763, 41.13477131559296], [28.895937635820093, 41.13476739483178], [28.895935042717195, 41.13467736397338], [28.896173205467367, 41.1346734427325], [28.896170612050966, 41.134583411884904], [28.896289693245787, 41.13458145108612], [28.896287099678517, 41.134491420243165], [28.89640618069895, 41.13448945932753], [28.896403586980803, 41.13439942848921], [28.896641748661132, 41.13439550630128], [28.896639154629487, 41.13430547547377], [28.896758235289383, 41.134303514201456], [28.89675564110687, 41.134213483378566], [28.89687472159238, 41.13421152198942], [28.896872127258998, 41.134121491171186], [28.896991207570125, 41.1341195296652], [28.896988613085878, 41.13402949885158], [28.897107693222612, 41.13402753722877], [28.8971050985875, 41.133937506419784], [28.897224178549845, 41.133935544680156], [28.89722158376388, 41.1338455138758], [28.897340663551834, 41.13384355201933], [28.897338068615007, 41.13375352121961], [28.897576227830374, 41.13374959714999], [28.897573632580066, 41.133659566361096], [28.89769271200748, 41.13365760414795], [28.897690116606313, 41.133567573363685], [28.89780919585934, 41.13356561103372], [28.897806600307323, 41.13347558025409], [28.89792567938596, 41.1334736178073], [28.897920487991975, 41.133293556255765], [28.8980395667336, 41.13329159369832], [28.89803697089165, 41.13320156292643], [28.898156049458887, 41.133199600252155], [28.89815345346608, 41.133109569484894], [28.89827253185894, 41.1331076066938], [28.898267339583384, 41.132927545167], [28.89838641763924, 41.132925582265266], [28.898383821356507, 41.13283555150573], [28.89850289923797, 41.13283358848717], [28.89850030280439, 41.13274355773227], [28.898619380511473, 41.1327415945969], [28.898614187354397, 41.13256153309483], [28.89873326472448, 41.13255956984882], [28.898715087907227, 41.13192935458618], [28.898834164127262, 41.13192739126047], [28.898831567323565, 41.131837360508655], [28.898950643369222, 41.13183539706612], [28.89894804641469, 41.13174536631895], [28.89906712228597, 41.131743402759604], [28.8990645251806, 41.13165337201706], [28.8991836008775, 41.1316514083409], [28.89916801751692, 41.131111223890365], [28.899287092226423, 41.13110926012832], [28.899281897541893, 41.13092919864483], [28.899400971914424, 41.13092723477215], [28.89939837442722, 41.13083720403425], [28.899517448625375, 41.13083524004478], [28.899514850987348, 41.13074520931153], [28.899633925011134, 41.13074324520524], [28.89962872944521, 41.13056318374648], [28.899747803132023, 41.13056121952957], [28.89974260728801, 41.130381158077], [28.899861680637855, 41.13037919374946], [28.8998512884408, 41.13001907085054], [28.899970361128492, 41.13001710642476], [28.89996776294608, 41.12992707570234], [28.9000868354594, 41.12992511115976], [28.90007904049507, 41.12965501900182], [28.900198112508836, 41.12965305435481], [28.900195514048363, 41.12956302363859], [28.900314585887767, 41.129561058874785], [28.900306790089257, 41.129290966735404], [28.900425861429124, 41.12928900186718], [28.900423262690595, 41.12919897115716], [28.900542333856098, 41.129197006172134], [28.900534537223443, 41.12892691405135], [28.900653607889407, 41.1289249489619], [28.90065100887284, 41.128834918258065], [28.900770079364438, 41.12883295305182], [28.900762281897684, 41.12856286094962], [28.90088135188976, 41.12856089563896], [28.90087875259516, 41.12847086494133], [28.900997822412876, 41.12846889951388], [28.900990024112037, 41.12819880743026], [28.901109093430236, 41.12819684189841], [28.90110389429678, 41.128016780513995], [28.901222963278045, 41.12801481487151], [28.90121776386658, 41.12783475349329], [28.901336832510907, 41.12783278774023], [28.901334232660275, 41.12774275705499], [28.901453301130246, 41.12774079118514], [28.901448101139206, 41.1275607298224], [28.901567169272248, 41.12755876384197], [28.90156456913183, 41.12746873316448], [28.901683637090514, 41.12746676706724], [28.901678436519905, 41.12728670571998], [28.901797504141665, 41.12728473951216], [28.901794903711476, 41.12719470884242], [28.90191397115887, 41.12719274251779], [28.901911370577903, 41.1271027118527], [28.902030437850946, 41.127100745411305], [28.902027837119203, 41.12701071475085], [28.902146904217886, 41.127008748192665], [28.902144303335366, 41.12691871753686], [28.902263370259693, 41.12691675086189], [28.9022607692264, 41.126826720210744], [28.90237983597637, 41.12682475341897], [28.902377234792304, 41.126734722772476], [28.90249630136792, 41.126732755863934], [28.902493700033077, 41.12664272522209], [28.90261276643434, 41.12664075819677], [28.90261016494873, 41.12655072755956], [28.902848297390747, 41.12654679315237], [28.90284309380465, 41.12636673189812], [28.903081225549247, 41.126362797023816], [28.90307862344877, 41.126272766406764], [28.90319768914081, 41.126270798791346], [28.903195086889575, 41.12618076817894], [28.903433217913154, 41.126176832591554], [28.90343061534859, 41.12608680199002], [28.90354968068013, 41.126084834018066], [28.903547077964806, 41.12599480342117], [28.903785208267365, 41.125990867120734], [28.903782605238725, 41.12590083653469], [28.90402073516897, 41.12589689975474], [28.90401813182702, 41.12580686917958], [28.90425626138494, 41.12580293192013], [28.904253657729686, 41.12571290135581], [28.90437272232839, 41.125710932547825], [28.904370118522376, 41.125620901988164], [28.904608247359267, 41.12561696401567], [28.90460564323995, 41.12552693346688], [28.904843771704506, 41.125522995014904], [28.904841167271893, 41.12543296447696], [28.90507929536412, 41.12542902554549], [28.905076690618213, 41.12533899501842], [28.90543388218034, 41.12533308571754], [28.90543127695858, 41.12524305520754], [28.905669404282513, 41.12523911507117], [28.90566679874747, 41.12514908457204], [28.905904925699055, 41.12514514395619], [28.90590231985072, 41.1250551134679], [28.906140446429962, 41.125051172372594], [28.906137840268343, 41.12496114189519], [28.90625690337769, 41.12495917116929], [28.906254297065338, 41.12486914069653], [28.90637336000033, 41.124867169853864], [28.906370753537242, 41.12477713938579], [28.90648981629787, 41.12477516842635], [28.90648720968405, 41.12468513796294], [28.906606272270313, 41.12468316688675], [28.906598452012126, 41.12441307550583], [28.90671751409894, 41.1244111043253], [28.906707086603294, 41.12405098248725], [28.906588025166645, 41.124052953642945], [28.906582811814808, 41.12387289270222], [28.906463750691422, 41.12387486372251], [28.90646114419576, 41.123784833243626], [28.906223022238628, 41.12378877490289], [28.90622041607986, 41.123698744410035], [28.90610135524611, 41.123700715049004], [28.906098749261695, 41.12361068454838], [28.905860627883825, 41.12361462544503], [28.9058580222363, 41.12352459493044], [28.90561990113626, 41.12352853532281], [28.905617295825618, 41.123438504794265], [28.90549823542042, 41.123440474799786], [28.905495630284115, 41.123350444263494], [28.905376570029645, 41.12335241413985], [28.90537136011754, 41.12317235305019], [28.90525230017633, 41.12317432279116], [28.905241881143954, 41.12281420056845], [28.905360940435035, 41.122812230852304], [28.90535833554393, 41.122722200298945], [28.90547739466068, 41.12272023046604], [28.90547478961885, 41.12263019991736], [28.905593848561256, 41.12262822996769], [28.905591243368708, 41.12253819942367], [28.906067478370115, 41.12253031842023], [28.906070084212775, 41.12262034893942], [28.906665378511395, 41.12261049488744], [28.90666277185609, 41.1225204643993], [28.90690088916777, 41.122516521930194], [28.906898282199233, 41.122426491452934], [28.907017340674816, 41.12242452004015], [28.90701473355557, 41.12233448956754], [28.90713379185681, 41.122332518038014], [28.907073827637806, 41.12026181688376], [28.907192882189324, 41.12025984537414], [28.907187667879843, 41.12007978437794], [28.90730672209453, 41.1200778127578], [28.907298900231414, 41.119807721270526], [28.90741795394676, 41.11980574954607], [28.907412739105443, 41.11962568855924], [28.907531792483955, 41.11962371672427], [28.90752918491852, 41.11953368623474], [28.907648238122718, 41.119531714283035], [28.9076430227023, 41.11935165331176], [28.907762075569668, 41.119349681249524], [28.90775946771469, 41.11925965076779], [28.90799757308896, 41.11925570628691], [28.907994964920796, 41.11916567581605], [28.908114017427703, 41.11916370339741], [28.908111409108866, 41.119073672931215], [28.908230461441445, 41.11907170039584], [28.90822524451425, 41.118891639471244], [28.908344296510002, 41.11888966682535], [28.908341687901647, 41.118799636366944], [28.90846073972308, 41.118797663604326], [28.90845813096405, 41.11870763315058], [28.908696234246452, 41.11870368726895], [28.908693625174255, 41.1186136568261], [28.908812676635215, 41.11861168370708], [28.908810067412357, 41.11852165326889], [28.908929118698996, 41.11851968003315], [28.908926509325465, 41.11842964959963], [28.90916461153828, 41.11842570277175], [28.909162001851588, 41.11833567234912], [28.909281052777757, 41.11833369875699], [28.90927844294041, 41.11824366833903], [28.90951654443227, 41.11823972079837], [28.909513934281765, 41.1181496903913], [28.909632984847455, 41.11814771644278], [28.909630374546293, 41.11805768604039], [28.909749424937665, 41.11805571197514], [28.909746814485842, 41.11796568157741], [28.9099849149081, 41.11796173309054], [28.90998230414314, 41.11787170270371], [28.910101354174024, 41.11786972828208], [28.910098743258406, 41.11777969789993], [28.910217793114974, 41.11777772336158], [28.910212570994265, 41.11759766260506], [28.910331620514025, 41.117595687956225], [28.910329009308935, 41.11750565758185], [28.91044805865437, 41.11750368281629], [28.91044544729864, 41.117413652446615], [28.91056449646975, 41.117411677564334], [28.9105383819386, 41.116511373844546], [28.910419334392298, 41.1165133486646], [28.910411500751202, 41.1162432574998], [28.910292453680494, 41.11624523217825], [28.91028723163723, 41.116065171381514], [28.91016818487963, 41.1160671459246], [28.910160352390914, 41.11579705469925], [28.910279398661096, 41.11579508017484], [28.910274176736188, 41.11561501936265], [28.910393222669587, 41.11561304472775], [28.910390611562416, 41.11552301432555], [28.910509657321512, 41.115521039573956], [28.91050704606371, 41.115431009176426], [28.9106260916485, 41.11542903430812], [28.910623480240066, 41.11533900391527], [28.910742525650555, 41.115337028930256], [28.910737302544256, 41.11515696815234], [28.91085634761797, 41.11515499305684], [28.910848512559912, 41.11488490189706], [28.910967557134395, 41.1148829266973], [28.910954498128742, 41.11443277476446], [28.91107354187908, 41.114430799472906], [28.911070929951006, 41.11434076908791], [28.911547104184113, 41.114332866717305], [28.911544491618038, 41.114242836355665], [28.911782578338627, 41.114238884445264], [28.911779965459488, 41.11414885409454], [28.91201805180778, 41.1141449017049], [28.912015438615562, 41.11405487136505], [28.912134481609485, 41.11405289499208], [28.912131868266663, 41.11396286465693], [28.91236995389406, 41.113958911554654], [28.912367340238166, 41.113868881230424], [28.91260542549327, 41.11386492764892], [28.912602811524312, 41.113774897335574], [28.913317066030498, 41.11376303367829], [28.91331445109867, 41.113673003400784], [28.913790619882597, 41.11366509186244], [28.913788004312813, 41.113575061608316], [28.914978423818102, 41.11355527422028], [28.91497580663566, 41.113465244026955], [28.915571015131235, 41.1134553457546], [28.91557363312593, 41.11354537591675], [28.916406925658464, 41.11353151312914], [28.91640954480218, 41.11362154324603], [28.916647628600973, 41.11361758133082], [28.916650248081464, 41.11370761143368], [28.916888332157665, 41.11370364901428], [28.91689095197493, 41.11379367910314], [28.917129036328543, 41.11378971617958], [28.917131656482592, 41.113879746254376], [28.917250698804033, 41.113877764601966], [28.917253319132413, 41.11396779466898], [28.917491404064574, 41.11396383098292], [28.917494024729738, 41.11405386103588], [28.917613067340454, 41.114051879002226], [28.917615688179954, 41.1141419090474], [28.918210901867585, 41.114131997004044], [28.918208280215815, 41.1140419669901], [28.918327322755243, 41.11403998421891], [28.91832207916243, 41.11385992419887], [28.91844112136507, 41.11385794131725], [28.918425389897152, 41.113317761257434], [28.9185444311132, 41.113315778290385], [28.91853656505234, 41.113045688258296], [28.918655605769164, 41.113043705187074], [28.9186529836102, 41.11295367517955], [28.91877202415269, 41.11295169199165], [28.918764157259783, 41.11268160197846], [28.918883197303064, 41.1126796186864], [28.918877952442333, 41.11249955868237], [28.918996992148838, 41.11249757527989], [28.91899174701078, 41.112317515282164], [28.919110786380518, 41.11231553176926], [28.919105540965127, 41.11213547177784], [28.919224579998094, 41.11213348815453], [28.919216711476864, 41.11186339817451], [28.91933575001063, 41.11186141444705], [28.91933050406438, 41.11168135446511], [28.91944954226139, 41.11167937062724], [28.919444296037828, 41.111499310651624], [28.919563333898083, 41.111497326703336], [28.919558087397213, 41.11131726673403], [28.91967712492071, 41.11131528267532], [28.91967450152568, 41.1112252526946], [28.919793538874856, 41.11122326851925], [28.91978829179561, 41.11104320856565], [28.919907328808037, 41.11104122427988], [28.919904705123823, 41.11095119430702], [28.92002374196193, 41.110949209904604], [28.920018494304326, 41.11076914996671], [28.92013753080568, 41.11076716545389], [28.920124411057664, 41.110317015613326], [28.920243446735, 41.11031503100886], [28.92024082265866, 41.11022500104236], [28.92035985816168, 41.11022301632124], [28.920357233934805, 41.110132986359446], [28.920476269263514, 41.11013100152167], [28.920473644886112, 41.11004097156459], [28.920592680040503, 41.110038986610185], [28.92059005551258, 41.109948956657774], [28.92070909049265, 41.109946971586716], [28.920703841147652, 41.10976691168978], [28.920822875790993, 41.10976492650833], [28.920820250973918, 41.109674896563796], [28.920939285442945, 41.1096729112657], [28.920934035519657, 41.10949285138449], [28.92105306965195, 41.10949086597601], [28.921042569298493, 41.109130746220025], [28.92116160276923, 41.10912876071365], [28.92115372714183, 41.10885867089916], [28.92103469415833, 41.10886065638675], [28.92102156916269, 41.10841050663366], [28.92090253697933, 41.10841249196708], [28.9208999121783, 41.10832246200557], [28.92078088014545, 41.10832444720983], [28.920775630903897, 41.108144387269625], [28.920656599183964, 41.10814637233848], [28.92065397474344, 41.1080563423598], [28.920415911592695, 41.10806031211633], [28.920413287488874, 41.10797028212359], [28.920294256058067, 41.10797226681125], [28.92029163212854, 41.10788223681071], [28.919339381553215, 41.107898109837784], [28.91933151373364, 41.10762801967681], [28.919450544609962, 41.107626035997306], [28.919445299131546, 41.10744597589475], [28.91956432967118, 41.10744399210486], [28.91954859254685, 41.106903811797515], [28.919429562981602, 41.1069057955499], [28.919424317693384, 41.10672573542254], [28.919305288441038, 41.10672771903953], [28.919297421085048, 41.10645762881814], [28.919178392307995, 41.1064596122935], [28.919173147788207, 41.10627955212565], [28.919054119324052, 41.10628153546563], [28.919046253120687, 41.10601144518349], [28.91892722513181, 41.10601342838182], [28.91892198138043, 41.105833368173485], [28.91880295370445, 41.105835351236436], [28.91879771032537, 41.10565529100941], [28.918678682962284, 41.10565727393698], [28.918655089806073, 41.104847002782435], [28.918536063892535, 41.104848985530886], [28.918530821424387, 41.10466892524479], [28.918411795823726, 41.10467090785786], [28.918409174769845, 41.10458087770624], [28.918171123857647, 41.10458484255124], [28.9181685031404, 41.10449481238558], [28.917811427170136, 41.104500758712746], [28.917803566551044, 41.104230668150244], [28.917922591399222, 41.10422868618281], [28.91791997105424, 41.10413865599846], [28.91803899572816, 41.10413667391439], [28.91803375474908, 41.10395661355352], [28.9182718034118, 41.10395264904172], [28.918269182615326, 41.10386261887146], [28.9183882067665, 41.103860636437496], [28.918385585819543, 41.10377060627192], [28.918623633761506, 41.10376664104785], [28.918621012501685, 41.10367661089323], [28.91885906007139, 41.10367264519013], [28.918856438498718, 41.10358261504646], [28.91909448569615, 41.103578648864364], [28.919091863810618, 41.10348861873163], [28.919210887229152, 41.1034866354625], [28.919208265193134, 41.10339660533448], [28.91932728843741, 41.103394621948745], [28.91932466625091, 41.103304591825434], [28.92039587345319, 41.10328673588058], [28.920393249817295, 41.10319670581198], [28.92063129540673, 41.10319273648512], [28.920626047521147, 41.10301267636826], [28.9207450699733, 41.10301069153302], [28.920742445885985, 41.102920661478535], [28.92086146816388, 41.102918676526684], [28.920858843926094, 41.102828646476894], [28.920977866029734, 41.102826661408415], [28.920975241641486, 41.102736631363335], [28.92109426357087, 41.10273464617825], [28.921091639032152, 41.10264461613788], [28.921210660787278, 41.10264263083617], [28.9212080360981, 41.10255260080049], [28.921327057678972, 41.102550615382164], [28.921321808011587, 41.10237055531869], [28.921440829255847, 41.102368569790016], [28.92143820427764, 41.1022785397622], [28.92155722534764, 41.102276554116905], [28.921554600218975, 41.10218652409381], [28.922030683730583, 41.10217858030896], [28.922041186914353, 41.10253870029193], [28.921922165404872, 41.10254068644747], [28.921930042430578, 41.102810776437224], [28.92181102042212, 41.10281276248867], [28.92181627150737, 41.102992822486605], [28.921697249162282, 41.1029948084277], [28.92171037627184, 41.10344495842668], [28.921829399428745, 41.103442972454296], [28.921832025048726, 41.1035330024432], [28.92242714146656, 41.103523070706835], [28.922442900307402, 41.104063250419856], [28.922323876073424, 41.10406523705045], [28.922337007956298, 41.104515386799974], [28.92221798289855, 41.104517373338986], [28.922223235410275, 41.10469743324047], [28.92210421001588, 41.10469941966912], [28.922109462250464, 41.10487947957692], [28.921990436519415, 41.10488146589519], [28.92199831447342, 41.10515155576405], [28.92187928824333, 41.105153541978225], [28.921887165817317, 41.10542363185191], [28.922006192534553, 41.10542164561897], [28.922011444634823, 41.105601705514495], [28.92224949868312, 41.10559773265492], [28.92225212507587, 41.105687762587834], [28.922728233679145, 41.10567981536901], [28.922725606636856, 41.105589785461135], [28.922963660542283, 41.105585811126936], [28.92296103318714, 41.105495781230026], [28.923199086720167, 41.105491806416815], [28.923196459052164, 41.10540177653088], [28.92391061839111, 41.10538984917962], [28.923918504353733, 41.10565993872002], [28.923799477339877, 41.10566192693789], [28.923802105855536, 41.10575195678787], [28.923564051467313, 41.105755932867496], [28.923566679670113, 41.10584596272845], [28.923447652295746, 41.105847950590196], [28.923455536488458, 41.10611804018251], [28.923336508615023, 41.10612002794017], [28.92334176447828, 41.10630008767317], [28.923222736268162, 41.106302075320464], [28.923225364055263, 41.10639210519089], [28.922987307274514, 41.10639608012935], [28.92298993474875, 41.10648611001076], [28.92287090617812, 41.10648809730192], [28.92287353350187, 41.10657812718804], [28.92275450475694, 41.10658011436258], [28.9227728952199, 41.10721032356585], [28.922891925101588, 41.10720833634749], [28.92289717995154, 41.107388396093384], [28.923016210146116, 41.1073864087396], [28.923018837751354, 41.10747643860396], [28.923137868096415, 41.10747445112103], [28.923140495875963, 41.10756448097757], [28.923259526371513, 41.107562493365485], [28.92326215432537, 41.107652523214234], [28.923381184971408, 41.10765053547298], [28.92338644123966, 41.10783059515327], [28.92350547219859, 41.1078286072766], [28.923508100512983, 41.10791863710816], [28.923627131622393, 41.107916649102336], [28.92363238861173, 41.10809670874828], [28.923751420034037, 41.108094720607035], [28.92375930609461, 41.10836481004552], [28.923878337992214, 41.10836282176258], [28.923883595750315, 41.10854288136797], [28.924002627960814, 41.108540892949605], [28.924015773376635, 41.10899104190459], [28.92413480638726, 41.108989053331996], [28.92415847034821, 41.109799321296954], [28.92403943587585, 41.109801309925935], [28.924052582125853, 41.11025145877243], [28.923933546829485, 41.110253447309844], [28.923938805088063, 41.11043350685013], [28.923819769454933, 41.11043549527716], [28.923825027436333, 41.11061555482377], [28.923705991466445, 41.11061754314043], [28.923711249170665, 41.11079760269337], [28.923592212864005, 41.11079959089965], [28.923597470291032, 41.11097965045894], [28.92347843364761, 41.11098163855483], [28.92348894799493, 41.11134175767983], [28.92336991068987, 41.111343745677885], [28.9233804245781, 41.11170386480314], [28.923499462532877, 41.111701876780025], [28.923504719873346, 41.11188193632083], [28.924457025681512, 41.11186602761091], [28.92446491568002, 41.11213611676009], [28.924345877008406, 41.112138105797825], [28.92434850686932, 41.11222813551739], [28.92422946802335, 41.112230124438476], [28.924234727456046, 41.1124101838855], [28.924115688273286, 41.1124121726962], [28.92412883625143, 41.11286232131794], [28.92377171619502, 41.112868287106565], [28.923769087062883, 41.11277825736652], [28.92365004718269, 41.112780245710624], [28.923647418224903, 41.112690215962765], [28.923052219457404, 41.11270015580828], [28.923070616726598, 41.11333036422998], [28.923189657641036, 41.113328376462874], [28.923194914435772, 41.11350843598546], [28.92331395566319, 41.1135064480829], [28.923319212830474, 41.113686507586756], [28.92343825437088, 41.113684519548755], [28.92344351191073, 41.11386457903388], [28.923562553764107, 41.11386259086043], [28.92356781167652, 41.11404265032683], [28.923686853842888, 41.11404066201792], [28.92369211212788, 41.11422072146559], [28.923811154607236, 41.11421873302123], [28.92381378393006, 41.114308762736485], [28.923932826559952, 41.11430677416294], [28.923935456057148, 41.11439680387036], [28.924054498837574, 41.11439481516764], [28.924059758192637, 41.11457487456532], [28.924178801286054, 41.114572885727135], [28.92418143114392, 41.11466291541738], [28.924300474387874, 41.114660926450014], [28.92430573446428, 41.114840985813316], [28.92442477802123, 41.11483899671048], [28.92442740823978, 41.11492902638354], [28.924546451947258, 41.11492703715151], [28.92455171274504, 41.11510709648046], [28.92467075676552, 41.115105107112974], [28.924673387344754, 41.11519513676885], [28.92479243151577, 41.115193147272166], [28.924797693034932, 41.11537320656673], [28.924916737518952, 41.11537121693459], [28.92491936845888, 41.115461246573275], [28.925038413093436, 41.11545925681194], [28.925041044207756, 41.115549286442814], [28.925160088992854, 41.11554729655227], [28.92516272028156, 41.11563732617533], [28.925281765217193, 41.11563533615559], [28.925284396680293, 41.11572536577082], [28.92540344176646, 41.1157233756219], [28.925406073403956, 41.1158134052293], [28.92552511864066, 41.11581141495118], [28.92552775045255, 41.115901444550744], [28.92564679583979, 41.115899454143424], [28.925654691834442, 41.116169542914065], [28.92577373769715, 41.11616755236499], [28.9257763698817, 41.116257581945845], [28.92589541589495, 41.116255591267574], [28.925900680624775, 41.11643565041206], [28.926019726951036, 41.11643365959831], [28.92602499205353, 41.11661371872405], [28.926263085320144, 41.11660973670268], [28.926265718214236, 41.11669976625067], [28.926622858512044, 41.1166937922778], [28.92662549190549, 41.11678382180543], [28.9269826325833, 41.11677784670734], [28.926985266476102, 41.1168678762146], [28.92722336052656, 41.11686389218867], [28.92722599475625, 41.116953921681805], [28.927345041926046, 41.11695192947817], [28.92734767633015, 41.11704195896349], [28.92758577095886, 41.11703797417486], [28.927593675217686, 41.11730806258384], [28.92568890905204, 41.117339927425604], [28.925686276886793, 41.11724989785708], [28.92556722906247, 41.11725188835849], [28.925564597071634, 41.11716185878215], [28.925445549397857, 41.117163849154345], [28.925442917581424, 41.1170738195702], [28.9253238700582, 41.11707580981319], [28.925318606786075, 41.116895750627705], [28.92519955957587, 41.11689774073521], [28.925196928120172, 41.11680771113386], [28.925077881060517, 41.116809701112174], [28.925075249779226, 41.11671967150301], [28.924956202870106, 41.11672166135212], [28.92495357176322, 41.11663163173514], [28.924834525004652, 41.11663362145505], [28.92483189407216, 41.11654359183025], [28.92471284746414, 41.11654558142095], [28.924710216706043, 41.11645555178833], [28.924591170248572, 41.11645754124983], [28.92458327853324, 41.116187452323864], [28.92434518655735, 41.11619143084048], [28.924342556334356, 41.11610140118285], [28.923628281095382, 41.11611333374479], [28.92361513503327, 41.115663185245424], [28.923496089930726, 41.11566517354417], [28.923488202923863, 41.11539508440715], [28.923369158296794, 41.11539707256417], [28.923363900676723, 41.115217013119214], [28.923244856362665, 41.11521900114079], [28.923242227732967, 41.115128971409725], [28.923123183569455, 41.11513095930209], [28.92312055511413, 41.1150409295632], [28.923001511101166, 41.115042917326406], [28.92299888282022, 41.11495288757971], [28.9228798389578, 41.114954875213726], [28.92287195467381, 41.11468478594555], [28.922752911286853, 41.114686773437846], [28.92275028337847, 41.114596743672436], [28.922631240142067, 41.11459873103554], [28.922628612408047, 41.114508701262295], [28.922509569322187, 41.11451068849621], [28.92250694176254, 41.11442065871518], [28.92238789882723, 41.11442264581993], [28.922385271441943, 41.11433261603108], [28.922266228657172, 41.114334603006625], [28.922263601446254, 41.11424457320996], [28.921787430837913, 41.11425251985792], [28.92179005739901, 41.11434254967963], [28.921671014554708, 41.11434453604057], [28.921673640965253, 41.11443456586697], [28.92155459794659, 41.11443655211126], [28.92158086108226, 41.11533685035272], [28.92169990572552, 41.115334864045856], [28.92171041196298, 41.115694983274025], [28.9218294572442, 41.1156929968192], [28.92184259112124, 41.11614314578822], [28.92172354502768, 41.11614513227434], [28.921741931818328, 41.11677534080971], [28.92162288457555, 41.11677732721672], [28.921630764319854, 41.11704741658455], [28.921511716577744, 41.11704940288739], [28.921514343020515, 41.117139432679835], [28.921276247175626, 41.11714340492924], [28.92127887330534, 41.11723343473264], [28.92115982520257, 41.117235420679194], [28.921162451181708, 41.1173254504873], [28.921043402904548, 41.11732743631719], [28.92104865457358, 41.117507495941275], [28.92092960595955, 41.11750948166073], [28.920932231649438, 41.117599511476705], [28.920336987588392, 41.11760943826123], [28.92033961247777, 41.117699468106935], [28.920220563467378, 41.11770145310128], [28.920223188206165, 41.11779148295169], [28.919866040616167, 41.11779743721588], [28.919868664879406, 41.1178874670835], [28.91808292288664, 41.117917221901585], [28.918085544724484, 41.11800725186139], [28.917847445265053, 41.11801121709302], [28.917850066789804, 41.11810124706378], [28.917731016879774, 41.11810322950142], [28.917733638253925, 41.11819325947689], [28.917614588169528, 41.11819524179785], [28.9176224518758, 41.118465331733674], [28.91726530008891, 41.1184712780151], [28.917260058581125, 41.11829121802195], [28.917141008286713, 41.11829319985739], [28.91713576715142, 41.11811313984557], [28.91701671717011, 41.118115121545586], [28.91700885604372, 41.11784503149748], [28.91688980653799, 41.11784701305583], [28.91688718634877, 41.11775698303046], [28.916768136993653, 41.11775896445962], [28.9167602769847, 41.11748887435547], [28.916641228105153, 41.11749085564298], [28.91663336869053, 41.11722076550617], [28.91651432028656, 41.117222746652], [28.916509081061143, 41.11704268654056], [28.916390032970263, 41.117044667550964], [28.91638741353784, 41.11695463748668], [28.91614931764541, 41.11695859912621], [28.91614669854982, 41.116868569047895], [28.915908602934856, 41.1168725301832], [28.915905984176096, 41.116782500090856], [28.9156678888386, 41.11678646072195], [28.915665270416667, 41.116696430615576], [28.915427175356648, 41.116700390742444], [28.915424557271535, 41.116610360622055], [28.915186462489004, 41.116614320244715], [28.915183844740714, 41.116524290110284], [28.914469561083216, 41.11653616599045], [28.914472177856656, 41.1166261961623], [28.91435313037641, 41.11662817505163], [28.914355746999227, 41.11671820522815], [28.914236699344645, 41.11672018400079], [28.914244548796837, 41.11699027453978], [28.91412550064296, 41.11699225320818], [28.914130733345427, 41.11717231357225], [28.914011684854728, 41.11717429213017], [28.914014301061272, 41.11726432231612], [28.913895252396227, 41.11726630075735], [28.91390048451992, 41.11744636113704], [28.913781435518057, 41.1174483394678], [28.913786667364217, 41.117628399853785], [28.913667618025524, 41.11763037807407], [28.913672849594143, 41.11781043846631], [28.913553799918624, 41.117812416576136], [28.913559031209694, 41.11799247697464], [28.913439981197346, 41.117994454973974], [28.913445212210863, 41.11817451537877], [28.913326161861676, 41.11817649326763], [28.913328777223732, 41.11826652347394], [28.913209726700202, 41.118268501246085], [28.913212341911617, 41.11835853145707], [28.91309329121374, 41.11836050911251], [28.913095906274524, 41.11845053932819], [28.912976855402302, 41.118452516866924], [28.912982085234436, 41.11863257730608], [28.912863034025378, 41.11863455473433], [28.912865648796732, 41.1187245849578], [28.912746597413324, 41.11872656226936], [28.91274921203404, 41.11881659249752], [28.912630160476287, 41.11881856969234], [28.912635389428267, 41.11899863015649], [28.912516337533678, 41.119000607240835], [28.912537252515676, 41.119720849085304], [28.912180092860787, 41.119726779750145], [28.912177478934073, 41.11963674950633], [28.91193937276324, 41.1196407026557], [28.91193675917337, 41.119550672397864], [28.911579600315775, 41.119556601181145], [28.911582213418136, 41.11964663145765], [28.91134410712884, 41.11965058337755], [28.911346719918043, 41.11974061366496], [28.91122766659313, 41.1197425894467], [28.91123027923167, 41.119832619738794], [28.910992172221306, 41.11983657094591], [28.91099478454668, 41.1199266012489], [28.910875730861225, 41.11992857667426], [28.91087834303594, 41.12001860698193], [28.910640235304502, 41.12002255747624], [28.910642847166045, 41.12011258779479], [28.910404739062237, 41.12011653780977], [28.910407350610605, 41.120206568139224], [28.91028829637844, 41.12020854296851], [28.910290907776137, 41.120298573302655], [28.91017185336962, 41.120300548015194], [28.910174464616645, 41.12039057835401], [28.91005541003579, 41.12039255294984], [28.910058021132137, 41.12048258329332], [28.909938966376934, 41.12048455777241], [28.90994157732261, 41.12057458812056], [28.909822522393064, 41.12057656248293], [28.9098277439949, 41.12075662318704], [28.909708688728493, 41.12075859743889], [28.90971129938465, 41.12084862779485], [28.909473188491308, 41.12085257594213], [28.90948101955571, 41.121122667038016], [28.909361963603747, 41.121124640945894], [28.909372404538527, 41.12148476241029], [28.909491461140565, 41.12148278847754], [28.90949407156636, 41.12157281883355], [28.90961312831907, 41.121570844771625], [28.909615738919225, 41.121660875119865], [28.909734795822622, 41.12165890092878], [28.90974001738346, 41.12183896160818], [28.909859074600067, 41.121836987281675], [28.909864296533296, 41.122017047942435], [28.909983354063105, 41.12201507348054], [28.90998857636872, 41.12219513412267], [28.910107634211744, 41.122193159525374], [28.91011285688975, 41.122373220148866], [28.910231915045987, 41.12237124541617], [28.91023974963936, 41.12264133632114], [28.91035880827134, 41.12263936144681], [28.910382314153498, 41.1234496340221], [28.910263254058744, 41.12345160895242], [28.910281535936797, 41.124081820912295], [28.91016247469244, 41.124083795763205], [28.910165086274123, 41.12417382604322], [28.91004602485539, 41.12417580077739], [28.91004863628637, 41.12426583106207], [28.909929574693262, 41.1242678056795], [28.90993218597354, 41.124357835968844], [28.909813124206053, 41.12435981046953], [28.90981834647703, 41.124539871056044], [28.909699284372625, 41.124541845446196], [28.909704506365866, 41.12472190603896], [28.909585443924527, 41.124723880318584], [28.90959327651552, 41.124993971214764], [28.909474213574715, 41.124995945390076], [28.9094768242995, 41.12508597569193], [28.909357761184314, 41.12508794975051], [28.90936298234429, 41.12526801036201], [28.909243918892177, 41.12526998431003], [28.90924913977439, 41.12545004492779], [28.90913007598534, 41.12545201876528], [28.909140517241564, 41.12581214000707], [28.909259581680825, 41.125810166144696], [28.909267413234907, 41.12608025704114], [28.90807676343323, 41.12609999031753], [28.908079372349363, 41.12619002067542], [28.907722176690534, 41.12619593827896], [28.907724785130817, 41.12628596865395], [28.907605719725, 41.126287940948714], [28.907608328014543, 41.12637797132836], [28.90689393435602, 41.12638980255176], [28.90689654168203, 41.12647983296714], [28.90653934420552, 41.12648574693728], [28.906541951055665, 41.12657577736974], [28.906184752985116, 41.1265816902517], [28.906187359359393, 41.12667172070124], [28.905830160694816, 41.126677632495024], [28.905832766593228, 41.12676766296165], [28.905594633765986, 41.12677160355503], [28.90559723935109, 41.126861634032515], [28.90547817275718, 41.12686360415095], [28.905480778191528, 41.1269536346331], [28.905123577851263, 41.12695954426911], [28.905126182809724, 41.12704957476833], [28.904649914873794, 41.127057452586115], [28.904652519193796, 41.12714748310861], [28.90429531763019, 41.127153390199254], [28.9042979214743, 41.12724342073882], [28.904059786714402, 41.12724735819675], [28.90406239024518, 41.127337388747165], [28.903943322684963, 41.12733935729786], [28.90394592606498, 41.12742938785295], [28.903826858330387, 41.127431356286856], [28.90382946155963, 41.12752138684659], [28.90347225779735, 41.12752729142904], [28.90347486055068, 41.127617322005825], [28.903355792443755, 41.12761928996021], [28.90335839504632, 41.12770932054165], [28.90323932676502, 41.127711288379246], [28.90324192921681, 41.12780131896534], [28.90312286076114, 41.127803286686145], [28.903125463062153, 41.12789331727689], [28.90300639443211, 41.12789528488092], [28.90301159874439, 41.12807534607018], [28.902892529777404, 41.12807731356362], [28.902897733811706, 41.12825737475908], [28.902778664507775, 41.12825934214193], [28.90278386826411, 41.1284394033436], [28.90266479862323, 41.12844137061585], [28.90267000210159, 41.128621431823724], [28.90255093212376, 41.128623398985404], [28.90255613532413, 41.12880346019947], [28.902437065009348, 41.128805427250555], [28.902442267931736, 41.12898548847084], [28.902323197279994, 41.12898745541133], [28.902331001264272, 41.12925754724874], [28.902211930112987, 41.12925951408483], [28.902217132502965, 41.12943957531442], [28.902098061014723, 41.12944154203992], [28.902124072046234, 41.13034184815706], [28.90188592578257, 41.130345781362976], [28.901888526625385, 41.13043581197858], [28.901650379989373, 41.1304397447049], [28.90165558106, 41.13061980595623], [28.90153650739912, 41.130621772147286], [28.90153910778952, 41.130711802776844], [28.901420033954253, 41.13071376885109], [28.901427834708386, 41.13098386074901], [28.901308760373542, 41.130985826718856], [28.90131396061004, 41.131165887988786], [28.901194885938207, 41.13116785384802], [28.90120528590224, 41.131527976394096], [28.901086210568213, 41.131529942155105], [28.90108881042608, 41.13161997279395], [28.90096973491766, 41.131621938438144], [28.90097753407418, 41.13189203036398], [28.900858458066153, 41.13189399590376], [28.90086365723754, 41.1320740571923], [28.900744580892518, 41.13207602262145], [28.90075497872628, 41.132436145204736], [28.9005168247, 41.13244007574357], [28.900522023037137, 41.1326201370507], [28.900402945681105, 41.132622102148], [28.900405544704736, 41.13271213280542], [28.9002864671743, 41.13271409778591], [28.900291664931682, 41.13289415910851], [28.900172587064233, 41.13289612397836], [28.90017518579798, 41.13298615464354], [28.900056107756143, 41.13298811939657], [28.90006390354022, 41.13325821140139], [28.899944824998745, 41.13326017604999], [28.89994742345438, 41.133350206721346], [28.899828344738506, 41.13335217125313], [28.899833541359882, 41.133532232603606], [28.899714462306992, 41.13353419702476], [28.899719658650234, 41.13371425838142], [28.89948149985863, 41.133718186879435], [28.899484097722674, 41.13380821756782], [28.899245938558717, 41.13381214558616], [28.899248536109297, 41.133902176285396], [28.899010376572985, 41.13390610382407], [28.89901297381009, 41.13399613453411], [28.898893893861647, 41.13399809812512], [28.898899088045926, 41.134178159552945], [28.898780007760465, 41.13418012303331], [28.898782604707637, 41.13427015375109], [28.89866352424777, 41.134272117114634], [28.898666121044094, 41.13436214783705], [28.898547040409827, 41.13436411108377], [28.898552233712522, 41.134544172536316], [28.89843315274123, 41.1345461356724], [28.89843834576576, 41.134726197131144], [28.89831926445743, 41.13472816015657], [28.898321860824723, 41.134818190889796], [28.898202779341993, 41.1348201537984], [28.89820537555842, 41.13491018453628], [28.897967212232395, 41.134914109996785], [28.897972404050027, 41.13509417149263], [28.89773424002639, 41.1350980964858], [28.897739431240556, 41.1352781580002], [28.89762034888582, 41.135280120324616], [28.897622944347912, 41.13537015108568], [28.897503861818773, 41.13537211329327], [28.897509052452996, 41.13555217482312], [28.896913638004445, 41.135561984077604], [28.89691623252601, 41.135652014871106], [28.896558983227806, 41.135657898966095], [28.896561577273218, 41.1357479297766], [28.896323410690336, 41.135751851903855], [28.896326004422228, 41.13584188272517], [28.896087837467025, 41.135845804372686], [28.896090430885398, 41.13593583520481], [28.89561409618335, 41.13594367704833], [28.89561668896291, 41.13603370790362], [28.895378521216074, 41.1360376280996], [28.895381113682095, 41.13612765896567], [28.89490477739682, 41.13613549790608], [28.89490736922402, 41.1362255287953], [28.894788284960683, 41.136227488229025], [28.894790876636986, 41.13631751912288], [28.89467179219925, 41.13631947843976], [28.894705482945994, 41.137489879999485], [28.89494365603862, 41.13748596108223], [28.894946248042075, 41.13757599194826], [28.894827161338984, 41.137577951474576], [28.894834936931897, 41.13784804408195], [28.894477675288215, 41.13785392197829]]]}, "properties": {"class_code": 1, "class_name": "persistent_water", "area_ha": 134.13}}, {"type": "Feature", "geometry": {"type": "Polygon", "coordinates": [[[28.937896870239747, 41.1517232833356], [28.937894218189154, 41.1516332549544], [28.93801332732011, 41.15163125035074], [28.93801597953346, 41.15172127872561], [28.937896870239747, 41.1517232833356]]]}, "properties": {"class_code": 2, "class_name": "water_loss", "area_ha": 0.01}}, {"type": "Feature", "geometry": {"type": "Polygon", "coordinates": [[[28.93660786973038, 41.152465553471316], [28.936605219373963, 41.15237552503309], [28.936486108796696, 41.15237752821029], [28.93648080844543, 41.15219747131658], [28.936361698181667, 41.15219947435808], [28.93635904818682, 41.15210944590258], [28.936239938073804, 41.15211144881468], [28.93622933886557, 41.151751334951946], [28.936586667215483, 41.15174532592213], [28.936591967772106, 41.15192538281873], [28.93694929699041, 41.151919372643334], [28.936928091146182, 41.15119914517109], [28.937166307960894, 41.151195137873074], [28.937174261038855, 41.151465223148925], [28.937293369916436, 41.15146321929636], [28.937311928658335, 41.15209341817483], [28.93719281864146, 41.15209542207158], [28.937195469775627, 41.1521854504829], [28.93707635958397, 41.15218745426288], [28.937084312570306, 41.15245753950645], [28.93660786973038, 41.152465553471316]]]}, "properties": {"class_code": 2, "class_name": "water_loss", "area_ha": 0.66}}, {"type": "Feature", "geometry": {"type": "Polygon", "coordinates": [[[28.888934388484508, 41.148123285176], [28.888926634294712, 41.14785319213105], [28.88928395135437, 41.14784733028911], [28.889291707008844, 41.148117423278656], [28.888934388484508, 41.148123285176]]]}, "properties": {"class_code": 2, "class_name": "water_loss", "area_ha": 0.09}}, {"type": "Feature", "geometry": {"type": "Polygon", "coordinates": [[[28.885167740450235, 41.14142949909604], [28.885165161468027, 41.14133946778226], [28.885284255639213, 41.1413375180987], [28.885286834784107, 41.141427549406345], [28.885167740450235, 41.14142949909604]]]}, "properties": {"class_code": 2, "class_name": "water_loss", "area_ha": 0.01}}, {"type": "Feature", "geometry": {"type": "Polygon", "coordinates": [[[28.885398191218613, 41.141155505684445], [28.885395611946105, 41.14106547437831], [28.885514705605832, 41.141063524467086], [28.88551728504103, 41.14115355576708], [28.885398191218613, 41.141155505684445]]]}, "properties": {"class_code": 2, "class_name": "water_loss", "area_ha": 0.01}}, {"type": "Feature", "geometry": {"type": "Polygon", "coordinates": [[[28.88562348097929, 41.14070144924196], [28.885620901439886, 41.1406114179404], [28.8857399942628, 41.14060946781379], [28.8857374145724, 41.14051943651681], [28.885856507220932, 41.14051748627333], [28.88585908707401, 41.14060751756415], [28.8857399942628, 41.14060946781379], [28.885742573964887, 41.14069949910922], [28.88562348097929, 41.14070144924196]]]}, "properties": {"class_code": 2, "class_name": "water_loss", "area_ha": 0.02}}, {"type": "Feature", "geometry": {"type": "Polygon", "coordinates": [[[28.885848767731872, 41.14024739239156], [28.885841028348075, 41.139977298495886], [28.885960120008832, 41.13997534816622], [28.885957540074944, 41.13988531687071], [28.88607663156132, 41.139883366424144], [28.886074051476452, 41.13979333513325], [28.886193142788457, 41.13979138456978], [28.886195723036, 41.13988141585454], [28.88607663156132, 41.139883366424144], [28.886079211657883, 41.139973397713504], [28.885960120008832, 41.13997534816622], [28.885967859880665, 41.140245442043465], [28.885848767731872, 41.14024739239156]]]}, "properties": {"class_code": 2, "class_name": "water_loss", "area_ha": 0.05}}, {"type": "Feature", "geometry": {"type": "Polygon", "coordinates": [[[28.870374365108365, 41.140769986198706], [28.870346220133026, 41.13977963314713], [28.870703497183072, 41.13977382986717], [28.870708615323014, 41.13995389403568], [28.87154226364459, 41.13994034865724], [28.871549944357902, 41.14021044477042], [28.871430851287297, 41.1402123802119], [28.8714334113856, 41.14030241225263], [28.871195224884193, 41.14030628277867], [28.871197784668727, 41.140396314830056], [28.87107869123793, 41.1403982499146], [28.871088929841363, 41.14075837812911], [28.870374365108365, 41.140769986198706]]]}, "properties": {"class_code": 2, "class_name": "water_loss", "area_ha": 0.76}}, {"type": "Feature", "geometry": {"type": "Polygon", "coordinates": [[[28.886775694043862, 41.13933147361358], [28.886773113053138, 41.139241442350276], [28.886892203318897, 41.13923949108546], [28.886889622177204, 41.13914945982678], [28.887008712268592, 41.13914750844508], [28.887011293572954, 41.13923753969762], [28.886892203318897, 41.13923949108546], [28.88689478447229, 41.13932952234262], [28.886775694043862, 41.13933147361358]]]}, "properties": {"class_code": 2, "class_name": "water_loss", "area_ha": 0.02}}, {"type": "Feature", "geometry": {"type": "Polygon", "coordinates": [[[28.882505212995046, 41.14831864125833], [28.88250263702997, 41.14822860991463], [28.88226442335838, 41.14823250393858], [28.882261847730483, 41.148142472581064], [28.882023634337674, 41.14814636610045], [28.882021059046945, 41.14805633472913], [28.881782845932932, 41.14806022774394], [28.881780270979373, 41.147970196358806], [28.88154205814415, 41.14797408886906], [28.881539483527753, 41.14788405747011], [28.881420377255377, 41.14788600353449], [28.881417802813395, 41.147795972127874], [28.881179590559118, 41.147799863875136], [28.881177016454302, 41.147709832454716], [28.881057910472393, 41.147711778137605], [28.881055336541994, 41.14762174670951], [28.88093623071116, 41.14762369226319], [28.880933656955175, 41.14753366082742], [28.880695445583992, 41.14753755155332], [28.880692872165156, 41.147447520103746], [28.880573766624806, 41.147449465275955], [28.88057119338038, 41.14735943381869], [28.880452087991106, 41.1473613788617], [28.880449514921082, 41.14727134739679], [28.880330409682884, 41.147273292310594], [28.88032783678727, 41.147183260838005], [28.880208731700147, 41.147185205622606], [28.880206158978936, 41.14709517414235], [28.880087054042882, 41.14709711879775], [28.88008448149608, 41.14700708730982], [28.879965376711105, 41.14700903183602], [28.8799628043387, 41.14691900034042], [28.879843699704796, 41.14692094473743], [28.879838555320458, 41.14674088172933], [28.879719451000362, 41.14674282599102], [28.87971687898842, 41.14665279447854], [28.879597774819413, 41.14665473861102], [28.87959005934175, 41.14638464404593], [28.879470955649282, 41.14638658803697], [28.879450382857087, 41.14566633574643], [28.879331280454796, 41.14566827956541], [28.879320994989428, 41.145308153358584], [28.879201893226384, 41.14531009703002], [28.879189037470596, 41.14485993920612], [28.879069936509516, 41.14486188272387], [28.879059652765584, 41.14450175641246], [28.878940552443726, 41.144503699782646], [28.878932840246325, 41.14423360501453], [28.87881374040096, 41.144235548243294], [28.878808599319733, 41.14405548504457], [28.878689499788145, 41.14405742813803], [28.878686929427726, 41.14396739653023], [28.878567830047196, 41.14396933949451], [28.87856268968675, 41.14378927626204], [28.878443590619995, 41.14379121909102], [28.878441020619967, 41.14370118746634], [28.87832192170427, 41.143703130166145], [28.878314212262215, 41.14343303526451], [28.878195113823004, 41.143434977822885], [28.8781771266716, 41.142804756288854], [28.87805802935969, 41.14280669868133], [28.878052890603833, 41.14262663535977], [28.87793379360568, 41.142628577616954], [28.87793122440793, 41.14253854594774], [28.87781212756083, 41.14254048807575], [28.877809558537436, 41.14245045639887], [28.87769046184139, 41.142452398397715], [28.877682755329168, 41.142182303339446], [28.878278236252378, 41.14217259220647], [28.878280805891638, 41.14226262386351], [28.878399902204038, 41.14226068126163], [28.878402472017648, 41.142350712911025], [28.878521568481094, 41.14234877017997], [28.878529278479935, 41.14261886510047], [28.878648375419832, 41.14261692222801], [28.878650945605454, 41.14270695385896], [28.878770042696402, 41.142705010857334], [28.878775183428015, 41.14288507410237], [28.878894280832718, 41.14288313096544], [28.878899421936353, 41.14306319419205], [28.87901851965482, 41.14306125091982], [28.87902109038682, 41.1431512825247], [28.87914018825634, 41.14314933912329], [28.879145330080732, 41.14332940231615], [28.879264428264005, 41.14332745877943], [28.87926957046044, 41.14350752195388], [28.87938866895748, 41.14350557828187], [28.879391240235897, 41.14359560986065], [28.87951033888398, 41.14359366605945], [28.879515481801207, 41.143773729200134], [28.879634580763057, 41.14377178526363], [28.87963715240187, 41.14386181682552], [28.87975625151477, 41.14385987275984], [28.87976396698931, 41.1441299674179], [28.879883066578696, 41.14412802321079], [28.87988821061212, 41.144308086296185], [28.880007310515275, 41.144306141953756], [28.88001502714102, 41.14457623655191], [28.88013412752067, 41.144574292068036], [28.88013927232158, 41.14475435511349], [28.880258373015, 41.144752410494306], [28.880268663407673, 41.14511253654219], [28.88038776474031, 41.14511059177544], [28.8803980559705, 41.14547071777411], [28.880517157942375, 41.14546877285977], [28.88051973094181, 41.14555880434945], [28.880638833064744, 41.14555685930593], [28.880643979424068, 41.1457369222684], [28.880763081860792, 41.14573497708955], [28.880765655220678, 41.14582500856233], [28.880884757808463, 41.1458230632543], [28.880887331342745, 41.145913094719425], [28.881125536808764, 41.145909203721885], [28.881128110680176, 41.1459992351732], [28.88148541927987, 41.145993397735495], [28.881487993651138, 41.14608342916687], [28.881845302633973, 41.14607759060316], [28.88184272777451, 41.14598755919018], [28.881961830582718, 41.14598561276228], [28.881959255572202, 41.145895581353884], [28.882078358205998, 41.14589363480904], [28.882073207894535, 41.145713571999885], [28.882192310191204, 41.14571162534424], [28.882184584323397, 41.145441531137315], [28.88230368612021, 41.145439584376994], [28.882301110691564, 41.14534955297772], [28.882539313924717, 41.14534565910019], [28.882536738182303, 41.145255627711656], [28.88265583961864, 41.14525368059441], [28.8826506878434, 41.14507361782497], [28.88276978894261, 41.145071670596934], [28.882767212909787, 41.14498163921602], [28.8828863138346, 41.14497969187107], [28.882881161478558, 41.144799629116896], [28.883000262066247, 41.14479768166114], [28.88299510943149, 41.14461761891306], [28.883114209682056, 41.14461567134651], [28.88310905676859, 41.14443560860452], [28.883228156682044, 41.144433660927184], [28.88322558008011, 41.144343629560005], [28.883344679819174, 41.14434168176575], [28.883342103066212, 41.14425165040318], [28.883461202630873, 41.14424970249199], [28.883456048834567, 41.14406963977446], [28.883575148062114, 41.1440676917525], [28.883567416967143, 41.14379759768302], [28.883686515694873, 41.1437956495564], [28.883683938523877, 41.143705618202965], [28.883922135618867, 41.143701721592855], [28.883919558134128, 41.14361169025014], [28.88403865650139, 41.14360974176664], [28.884033501241554, 41.143429679088854], [28.88415259927171, 41.14342773049458], [28.88415002149662, 41.14333769915951], [28.884269119352375, 41.143335750448315], [28.8842613856091, 41.143065656452265], [28.88438048296506, 41.14306370763643], [28.884377904911307, 41.14297367630745], [28.884497002092868, 41.1429717273747], [28.884489267513636, 41.142701633396946], [28.884608364195397, 41.142699684359556], [28.884603207542284, 41.14251962171228], [28.88472230388696, 41.142517672564125], [28.88471456850686, 41.14224757860005], [28.88483366435175, 41.14224562934727], [28.88482850716474, 41.1420655667091], [28.884947602672547, 41.14206361734554], [28.884939866491624, 41.141793523395144], [28.885058961499656, 41.14179157392697], [28.885051224935875, 41.14152147998108], [28.88517031944414, 41.14151953040828], [28.88517805649599, 41.14178962433574], [28.885058961499656, 41.14179157392697], [28.885066698168657, 41.14206166785895], [28.88554308003618, 41.14205386868204], [28.885540500484034, 41.1419638373975], [28.885659595758987, 41.14196188730179], [28.88565701605584, 41.141871856021844], [28.885776111156403, 41.141869905809244], [28.885773531302263, 41.1417798745339], [28.885892626228433, 41.141777924204376], [28.885887466229857, 41.14159786166134], [28.88600656081894, 41.141595911221074], [28.88600398067451, 41.14150587995337], [28.886123075089206, 41.141503929396194], [28.886117914510052, 41.14132386686847], [28.886237008587667, 41.14132191620054], [28.88623442815295, 41.141231884940495], [28.88635352205618, 41.14122993415565], [28.886348360896463, 41.14104987164325], [28.88646745446262, 41.14104792074766], [28.886464873737616, 41.14095788949528], [28.88658396712939, 41.1409559384828], [28.886578805389124, 41.140775875985696], [28.88669789844382, 41.14077392486246], [28.88669273642499, 41.14059386237147], [28.88681182914262, 41.140591911137484], [28.886806666845228, 41.14041184865262], [28.886925759225786, 41.140409897307876], [28.886920596649844, 41.14022983482913], [28.887039688693335, 41.14022788337365], [28.887029363031175, 41.13986775842218], [28.887148454412245, 41.13986580686825], [28.88714587286329, 41.139775775632664], [28.88726496406998, 41.13977382396185], [28.887262382370047, 41.13968379273087], [28.887381473402364, 41.13968184094316], [28.88737889155146, 41.1395918097168], [28.88749798240939, 41.13958985781219], [28.88749540040752, 41.13949982659042], [28.887614491091075, 41.13949787456893], [28.887611908938233, 41.13940784335178], [28.887730999447406, 41.13940589121341], [28.887728417143595, 41.13931586000084], [28.88784750747839, 41.13931390774558], [28.88784492502362, 41.13922387653762], [28.887964015184032, 41.13922192416547], [28.887958849984273, 41.139041861757235], [28.888077939807633, 41.13903990927436], [28.888075357062643, 41.13894987807406], [28.888194446711626, 41.13894792547429], [28.888191863815674, 41.13885789427862], [28.888310953290283, 41.13885594156197], [28.888308370243376, 41.138765910370886], [28.8884274595436, 41.13876395753736], [28.888424876345738, 41.13867392635088], [28.889377589024537, 41.13865829930259], [28.889375004537055, 41.138568268163816], [28.889494093406515, 41.138566314235284], [28.88949926271853, 41.138746376498986], [28.889380173523737, 41.13874833043983], [28.889382758034653, 41.138838361575516], [28.889263668665468, 41.13884031539949], [28.889266253025436, 41.13893034653979], [28.889147163481866, 41.138932300246864], [28.88914974769088, 41.13902233139178], [28.889030657972928, 41.139024284981986], [28.889035826100763, 41.139204347279474], [28.888916736045758, 41.13920630075895], [28.888921903895103, 41.13938636306257], [28.88880281350304, 41.13938831643133], [28.888805397282614, 41.13947834758697], [28.88868630671616, 41.139480300838834], [28.888691473985098, 41.13966036315779], [28.888572383081584, 41.13966231629893], [28.88858013358482, 41.139932409784244], [28.888461042181564, 41.1399343628208], [28.888466208916928, 41.140114425148916], [28.888347117176604, 41.14011637807474], [28.888362616687704, 41.140656565058926], [28.888243523959588, 41.140658517898615], [28.888264189328765, 41.14137876717355], [28.88814509528744, 41.14138071993943], [28.888160593830058, 41.141920906867625], [28.888041498800874, 41.141922859547364], [28.88804666475005, 41.142102921856704], [28.88792756938377, 41.1421048744257], [28.887948232347306, 41.14282512365047], [28.88806732901517, 41.142823171032255], [28.888069912101013, 41.14291320217225], [28.888308105727017, 41.142909296554386], [28.888310689149975, 41.142999327680535], [28.88842978610811, 41.142997374680874], [28.88843236970548, 41.143087405799314], [28.888551466814608, 41.14308545267044], [28.888554050586396, 41.14317548378118], [28.88867314784651, 41.14317353052311], [28.888675731792713, 41.14326356162615], [28.88879482920382, 41.143261608238866], [28.888797413324447, 41.14335163933421], [28.888916510886535, 41.14334968581772], [28.88891909518158, 41.14343971690536], [28.889038192894667, 41.143437763259655], [28.88904077736414, 41.1435277943396], [28.88915987522821, 41.14352584056468], [28.88916504452772, 41.14370590270762], [28.88940324087153, 41.143701994764], [28.889405825864277, 41.143792025820844], [28.889524924181316, 41.143790071658294], [28.88952750934849, 41.143880102707435], [28.889646607816516, 41.14387814841567], [28.88964919315812, 41.14396817945711], [28.889768291777134, 41.14396622503613], [28.88977087729317, 41.14405625606986], [28.89000907482145, 41.14405234684642], [28.89001166067463, 41.1441423778663], [28.8901307595839, 41.14414042306384], [28.890133345611517, 41.144230454076], [28.890371543720295, 41.14422654408958], [28.890374130085057, 41.14431657508788], [28.890612328472358, 41.1443126645969], [28.890622675350393, 41.14467278852539], [28.89050357551175, 41.144674743857045], [28.890521681860818, 41.145304960715514], [28.89064078283848, 41.14530300534073], [28.890666651675517, 41.14620331494555], [28.8907857542687, 41.146201359386104], [28.890793515636705, 41.14647145221892], [28.890317103240864, 41.14647927379224], [28.890319689736074, 41.146569304758046], [28.89020058644506, 41.14657125984987], [28.890203172789267, 41.14666129082032], [28.889964965846605, 41.14666520064707], [28.889970137919256, 41.14684526260794], [28.889851034104876, 41.14684721734903], [28.88985361999606, 41.14693724833331], [28.88973451600722, 41.14693920295748], [28.88973968749928, 41.147119264933714], [28.889620583173244, 41.14712121944713], [28.889623168774126, 41.14721125043909], [28.889504064273638, 41.1472132048356], [28.889511820658402, 41.147483297820656], [28.889154505621953, 41.147489160327176], [28.88913382606935, 41.14676891218835], [28.88925292979133, 41.14676695819184], [28.889247759694914, 41.14658689615398], [28.88936686307971, 41.1465849420467], [28.8893565223766, 41.1462248179771], [28.889475625098758, 41.14622286377137], [28.889465283932264, 41.14586273970165], [28.88934618186102, 41.14586469388274], [28.88934101167355, 41.14568463182629], [28.889221909916028, 41.145686585872], [28.8892193250026, 41.1455965548353], [28.889100223396085, 41.14559850875179], [28.889092469214283, 41.14532841561396], [28.888854266942428, 41.14533232304082], [28.88884909819737, 41.14515226091658], [28.888610896529535, 41.14515616782658], [28.888608312500015, 41.14506613674983], [28.88837011111076, 41.145070043155265], [28.888367527418396, 41.144980012064664], [28.888129326307713, 41.14498391796555], [28.8881267429525, 41.1448938868611], [28.887531240784444, 41.144903649428954], [28.887533823326063, 41.144993680564156], [28.887295622051436, 41.14499758474217], [28.887300786518917, 41.14517764703254], [28.887181685538604, 41.14517959894925], [28.887184267627184, 41.14526963009828], [28.88706516647244, 41.14527158189807], [28.887075494292944, 41.14563170650328], [28.886956392475604, 41.14563365820462], [28.886958974297265, 41.14572368935821], [28.886839872305497, 41.14572564094262], [28.886850199058312, 41.14608576556612], [28.886731096403928, 41.14608771705206], [28.886733677958663, 41.14617774821022], [28.886614575129848, 41.14617969957924], [28.886622319376098, 41.1464497930629], [28.886503216047387, 41.146451744327294], [28.886505797323476, 41.14654177549156], [28.886386693820334, 41.146543726639045], [28.886391856082156, 41.14672378897525], [28.886272752241844, 41.14672574001194], [28.88627533322758, 41.14681577118388], [28.886156229212826, 41.14681772210365], [28.886161390893932, 41.14699778445517], [28.886042286542008, 41.14699973526417], [28.886044867237377, 41.147089766443756], [28.885925762711018, 41.14709171713583], [28.885928343255344, 41.147181748320016], [28.885809238554547, 41.14718369889517], [28.885811818947843, 41.14727373008395], [28.885692714072608, 41.14727568054217], [28.885695294314857, 41.14736571173556], [28.885576189265187, 41.14736766207685], [28.8855787693564, 41.14745769327484], [28.88545966413229, 41.147459643499204], [28.885462244072457, 41.14754967470179], [28.885343138673914, 41.14755162480921], [28.885345718463036, 41.14764165601641], [28.88522661289005, 41.14764360600691], [28.885229192528133, 41.14773363721869], [28.884990981021584, 41.14773753684276], [28.884993560345876, 41.147827568065274], [28.884874454412323, 41.147829517698845], [28.884877033585564, 41.14791954892597], [28.884757927477573, 41.1479214984426], [28.88476050649976, 41.148011529674314], [28.884522293923204, 41.148015428350625], [28.884524872631598, 41.14810545959308], [28.884405766163038, 41.14810740875278], [28.884408344720377, 41.14819743999983], [28.88405102475631, 41.14820328675885], [28.8840536028371, 41.14829331802277], [28.882505212995046, 41.14831864125833]]]}, "properties": {"class_code": 2, "class_name": "water_loss", "area_ha": 41.42}}, {"type": "Feature", "geometry": {"type": "Polygon", "coordinates": [[[28.88747216291742, 41.13868954552497], [28.887469581032605, 41.13859951428775], [28.887588670089453, 41.13859756232777], [28.887586088053677, 41.13850753109515], [28.88770517693615, 41.13850557901827], [28.88770259474942, 41.13841554779027], [28.88782168345752, 41.1384135955965], [28.887819101119824, 41.138323564373096], [28.88793818965356, 41.13832161206245], [28.887935607164906, 41.13823158084365], [28.888054695524268, 41.138229628416134], [28.888052112884658, 41.138139597201935], [28.888171201069646, 41.13813764465753], [28.888173783871917, 41.13822767586558], [28.888054695524268, 41.138229628416134], [28.888057278175584, 41.13831965962878], [28.88793818965356, 41.13832161206245], [28.887940772153915, 41.13841164327971], [28.88782168345752, 41.1384135955965], [28.887824265806923, 41.13850362681837], [28.88770517693615, 41.13850557901827], [28.887707759134596, 41.13859561024474], [28.887588670089453, 41.13859756232777], [28.88759125213694, 41.13868759355883], [28.88747216291742, 41.13868954552497]]]}, "properties": {"class_code": 2, "class_name": "water_loss", "area_ha": 0.06}}, {"type": "Feature", "geometry": {"type": "Polygon", "coordinates": [[[28.89486344834405, 41.138838383523215], [28.894860856338735, 41.13874835267265], [28.89474176750931, 41.13875031215619], [28.89473917567841, 41.138660281297895], [28.894620086999897, 41.138662240652245], [28.89461749534341, 41.13857220978623], [28.894498406815813, 41.13857416901137], [28.894477675288215, 41.13785392197829], [28.894834936931897, 41.13784804408195], [28.894837528819703, 41.137938074947975], [28.89495661617342, 41.137936115396954], [28.8949618003096, 41.13811617711203], [28.89508088797689, 41.13811421742564], [28.895086072485395, 41.13829427912217], [28.895205160466247, 41.138292319300405], [28.89521034534709, 41.138472380978406], [28.895686698454266, 41.1384645404116], [28.895694477815645, 41.138734632842905], [28.895218122756503, 41.138742473483816], [28.89522071524981, 41.13883250431585], [28.89486344834405, 41.138838383523215]]]}, "properties": {"class_code": 2, "class_name": "water_loss", "area_ha": 0.63}}, {"type": "Feature", "geometry": {"type": "Polygon", "coordinates": [[[28.869621435435622, 41.13943110780997], [28.869616320363118, 41.13925104351327], [28.869139954426704, 41.13925877639806], [28.869124613391733, 41.13871858332473], [28.86936279443101, 41.138714717201516], [28.869352566004814, 41.13835458850383], [28.869114386266922, 41.13835845457833], [28.869111829514697, 41.13826842238789], [28.869469098616136, 41.13826262310984], [28.869471655856373, 41.13835265528202], [28.869828925341476, 41.138346854878364], [28.86982636761323, 41.138256822724465], [28.869945457255735, 41.13825488901659], [28.86994289937641, 41.13816485686723], [28.870419257179787, 41.13815712082977], [28.870424374251392, 41.13833718507821], [28.869948015146655, 41.13834492116441], [28.869950573049174, 41.13843495331068], [28.869474213108205, 41.13844268745265], [28.869486999541266, 41.13889284828274], [28.869606090357266, 41.13889091490134], [28.869613762844267, 41.13916101136261], [28.8699710366868, 41.13915521042536], [28.869978710742263, 41.1394253068179], [28.869621435435622, 41.13943110780997]]]}, "properties": {"class_code": 2, "class_name": "water_loss", "area_ha": 0.51}}, {"type": "Feature", "geometry": {"type": "Polygon", "coordinates": [[[28.894353405611056, 41.13767581924493], [28.894350814409126, 41.137585788349575], [28.894469901159212, 41.137583829315375], [28.894472492523796, 41.13767386020456], [28.894353405611056, 41.13767581924493]]]}, "properties": {"class_code": 2, "class_name": "water_loss", "area_ha": 0.01}}, {"type": "Feature", "geometry": {"type": "Polygon", "coordinates": [[[28.869580516154265, 41.137990593263545], [28.869575401452796, 41.13781052891747], [28.869694490305154, 41.137808595486135], [28.869699605331956, 41.137988659820024], [28.869580516154265, 41.137990593263545]]]}, "properties": {"class_code": 2, "class_name": "water_loss", "area_ha": 0.02}}, {"type": "Feature", "geometry": {"type": "Polygon", "coordinates": [[[28.871605030597575, 41.13795770799091], [28.871597350266754, 41.1376876117803], [28.871716438759233, 41.137685676263466], [28.87172411957805, 41.13795577245578], [28.871605030597575, 41.13795770799091]]]}, "properties": {"class_code": 2, "class_name": "water_loss", "area_ha": 0.03}}, {"type": "Feature", "geometry": {"type": "Polygon", "coordinates": [[[28.888168618279085, 41.13804761344795], [28.888150539073017, 41.137417394937565], [28.88826962594502, 41.13741544231934], [28.888267043085474, 41.13732541110355], [28.888624303143253, 41.13731955252916], [28.888626886490762, 41.13740958372651], [28.888865060129366, 41.1374056773828], [28.888867643813903, 41.13749570856629], [28.888510382850463, 41.13750156791577], [28.888512966058745, 41.13759159911618], [28.888393878884848, 41.13759355199276], [28.888401628091973, 41.13786364560315], [28.888282540418388, 41.13786559837516], [28.888287706289702, 41.138045660786666], [28.888168618279085, 41.13804761344795]]]}, "properties": {"class_code": 2, "class_name": "water_loss", "area_ha": 0.2}}, {"type": "Feature", "geometry": {"type": "Polygon", "coordinates": [[[28.894705482945994, 41.137489879999485], [28.89468474994379, 41.13676963291672], [28.89480383519476, 41.13676767356899], [28.89481938585182, 41.137307858853305], [28.89493847206695, 41.1373058993455], [28.89494365603862, 41.13748596108223], [28.894705482945994, 41.137489879999485]]]}, "properties": {"class_code": 2, "class_name": "water_loss", "area_ha": 0.1}}, {"type": "Feature", "geometry": {"type": "Polygon", "coordinates": [[[28.89421359070128, 41.136957530906756], [28.894208408822426, 41.13677746907741], [28.894327494120386, 41.13677551022178], [28.89433267632454, 41.13695557203879], [28.89421359070128, 41.136957530906756]]]}, "properties": {"class_code": 2, "class_name": "water_loss", "area_ha": 0.02}}, {"type": "Feature", "geometry": {"type": "Polygon", "coordinates": [[[28.894086732753557, 41.136689396886865], [28.894084142006143, 41.136599365962155], [28.89420322699055, 41.13659740724189], [28.894205817900616, 41.13668743816043], [28.894086732753557, 41.136689396886865]]]}, "properties": {"class_code": 2, "class_name": "water_loss", "area_ha": 0.01}}, {"type": "Feature", "geometry": {"type": "Polygon", "coordinates": [[[28.869790560635263, 41.13699637240771], [28.86978544553822, 41.13681630805207], [28.87002361960637, 41.13681244070826], [28.87002106174992, 41.136722408540294], [28.870140148603948, 41.136720474689945], [28.870147822696048, 41.13699057117089], [28.869790560635263, 41.13699637240771]]]}, "properties": {"class_code": 2, "class_name": "water_loss", "area_ha": 0.07}}, {"type": "Feature", "geometry": {"type": "Polygon", "coordinates": [[[28.893962466436964, 41.13651129362697], [28.893959875875687, 41.13642126269301], [28.89384079119308, 41.13642322115489], [28.89383820080619, 41.136333190213186], [28.893957285326156, 41.13633123175749], [28.893959875875687, 41.13642126269301], [28.894078960546548, 41.13641930410811], [28.894081551270475, 41.13650933503591], [28.893962466436964, 41.13651129362697]]]}, "properties": {"class_code": 2, "class_name": "water_loss", "area_ha": 0.02}}, {"type": "Feature", "geometry": {"type": "Polygon", "coordinates": [[[28.894790876636986, 41.13631751912288], [28.894788284960683, 41.136227488229025], [28.89490736922402, 41.1362255287953], [28.89490477739682, 41.13613549790608], [28.89502386148577, 41.136133538355516], [28.89502645347561, 41.136223569238574], [28.89490736922402, 41.1362255287953], [28.89490996106297, 41.13631555968299], [28.894790876636986, 41.13631751912288]]]}, "properties": {"class_code": 2, "class_name": "water_loss", "area_ha": 0.02}}, {"type": "Feature", "geometry": {"type": "Polygon", "coordinates": [[[28.870735582700096, 41.13671080359269], [28.8707330238793, 41.13662077145976], [28.870613937245928, 41.136622705919166], [28.870611378599392, 41.1365326737786], [28.870492292117074, 41.136534608108896], [28.870489733644792, 41.136444575960695], [28.870608819964456, 41.13644264163649], [28.870611378599392, 41.1365326737786], [28.870730465070103, 41.13653073932528], [28.8707330238793, 41.13662077145976], [28.870852110501072, 41.13661883687732], [28.87085466948452, 41.136708869004146], [28.870735582700096, 41.13671080359269]]]}, "properties": {"class_code": 2, "class_name": "water_loss", "area_ha": 0.03}}, {"type": "Feature", "geometry": {"type": "Polygon", "coordinates": [[[28.89109408035054, 41.13619813856833], [28.891091493739708, 41.136108107480204], [28.891210578041644, 41.13610615187253], [28.891213164815124, 41.1361961829545], [28.89109408035054, 41.13619813856833]]]}, "properties": {"class_code": 2, "class_name": "water_loss", "area_ha": 0.01}}, {"type": "Feature", "geometry": {"type": "Polygon", "coordinates": [[[28.895381113682095, 41.13612765896567], [28.895378521216074, 41.1360376280996], [28.895497605095365, 41.13603566806312], [28.89550019772403, 41.136125698923024], [28.895381113682095, 41.13612765896567]]]}, "properties": {"class_code": 2, "class_name": "water_loss", "area_ha": 0.01}}, {"type": "Feature", "geometry": {"type": "Polygon", "coordinates": [[[28.89132966233186, 41.13610419614183], [28.891327075407467, 41.13601416506447], [28.891446159523305, 41.13601220921691], [28.891448746610344, 41.1361022402881], [28.89132966233186, 41.13610419614183]]]}, "properties": {"class_code": 2, "class_name": "water_loss", "area_ha": 0.01}}, {"type": "Feature", "geometry": {"type": "Polygon", "coordinates": [[[28.89561668896291, 41.13603370790362], [28.89561409618335, 41.13594367704833], [28.895852263557884, 41.13593975637262], [28.895854856662723, 41.13602978721554], [28.89561668896291, 41.13603370790362]]]}, "properties": {"class_code": 2, "class_name": "water_loss", "area_ha": 0.02}}, {"type": "Feature", "geometry": {"type": "Polygon", "coordinates": [[[28.873355489276484, 41.13666821422493], [28.87334780211362, 41.13639811822406], [28.873228716060947, 41.13640005537791], [28.87322615385921, 41.136310023368424], [28.87358341149444, 41.136304211556094], [28.873580848816363, 41.136214179563375], [28.874176277162775, 41.13620449077946], [28.87417884065411, 41.13629452274166], [28.87429792645118, 41.136292584609684], [28.874305617482882, 41.13656268046867], [28.873710185941505, 41.136572369989835], [28.873712748828705, 41.13666240197027], [28.873355489276484, 41.13666821422493]]]}, "properties": {"class_code": 2, "class_name": "water_loss", "area_ha": 0.33}}, {"type": "Feature", "geometry": {"type": "Polygon", "coordinates": [[[28.89156524362741, 41.13601025324632], [28.89156265638946, 41.135920222179735], [28.8916817403192, 41.1359182660923], [28.891679152930333, 41.13582823503034], [28.8917982366857, 41.13582627882604], [28.891800824237205, 41.13591630988183], [28.8916817403192, 41.1359182660923], [28.891684327719794, 41.13600829715271], [28.89156524362741, 41.13601025324632]]]}, "properties": {"class_code": 2, "class_name": "water_loss", "area_ha": 0.02}}, {"type": "Feature", "geometry": {"type": "Polygon", "coordinates": [[[28.896090430885398, 41.13593583520481], [28.896087837467025, 41.135845804372686], [28.896326004422228, 41.13584188272517], [28.896323410690336, 41.135751851903855], [28.896442493987657, 41.13574989090174], [28.896445087882192, 41.13583992171686], [28.896326004422228, 41.13584188272517], [28.896328598165876, 41.13593191354494], [28.896090430885398, 41.13593583520481]]]}, "properties": {"class_code": 2, "class_name": "water_loss", "area_ha": 0.03}}, {"type": "Feature", "geometry": {"type": "Polygon", "coordinates": [[[28.893110746560886, 41.13589478344726], [28.89310815722031, 41.135804752459286], [28.893227240834854, 41.13580279477872], [28.893229830338075, 41.135892825760536], [28.893110746560886, 41.13589478344726]]]}, "properties": {"class_code": 2, "class_name": "water_loss", "area_ha": 0.01}}, {"type": "Feature", "geometry": {"type": "Polygon", "coordinates": [[[28.891917320429325, 41.135824322498706], [28.891914732726907, 41.135734291447534], [28.892033816296166, 41.135732335003354], [28.89203640416123, 41.13582236604837], [28.891917320429325, 41.135824322498706]]]}, "properties": {"class_code": 2, "class_name": "water_loss", "area_ha": 0.01}}, {"type": "Feature", "geometry": {"type": "Polygon", "coordinates": [[[28.896561577273218, 41.1357479297766], [28.896558983227806, 41.135657898966095], [28.89691623252601, 41.135652014871106], [28.896913638004445, 41.135561984077604], [28.897509052452996, 41.13555217482312], [28.897511647787752, 41.13564220558571], [28.89691623252601, 41.135652014871106], [28.896918827059338, 41.135742045663065], [28.896561577273218, 41.1357479297766]]]}, "properties": {"class_code": 2, "class_name": "water_loss", "area_ha": 0.08}}, {"type": "Feature", "geometry": {"type": "Polygon", "coordinates": [[[28.892152899853695, 41.13573037843614], [28.892150311837725, 41.13564034739575], [28.892269395220875, 41.13563839071169], [28.892271983399493, 41.135728421745924], [28.892152899853695, 41.13573037843614]]]}, "properties": {"class_code": 2, "class_name": "water_loss", "area_ha": 0.01}}, {"type": "Feature", "geometry": {"type": "Polygon", "coordinates": [[[28.889217152189552, 41.13721975460985], [28.889214568052193, 41.1371297234402], [28.889333654330812, 41.13712776973318], [28.88933107004251, 41.13703773856813], [28.8895692422393, 41.13703383079733], [28.889564073047236, 41.1368537684872], [28.88968315880275, 41.136851814429576], [28.889680574061646, 41.136761783278374], [28.88979965964279, 41.136759829103866], [28.889786735299783, 41.13630967335536], [28.88966765053188, 41.13631162749908], [28.889665065861085, 41.136221596338586], [28.88954598124411, 41.136223550353115], [28.889527890015117, 41.135593332143316], [28.88988514041536, 41.135587469859935], [28.889892895192688, 41.13585756333229], [28.89013106304344, 41.135853654491314], [28.89013623360417, 41.13603371677386], [28.890493486268255, 41.13602785255277], [28.89049865785174, 41.13620791479219], [28.89097499587423, 41.136200094059156], [28.89097758233414, 41.136290125151895], [28.890501243661067, 41.13629794590956], [28.890503829482117, 41.136387977025414], [28.89014657486627, 41.13639384132039], [28.8901491602111, 41.13648387245317], [28.89003007515306, 41.13648582697828], [28.890032660346964, 41.136575858115656], [28.889913575114555, 41.13657781252389], [28.88992133027862, 41.13684790594524], [28.889802244546548, 41.13684986024892], [28.889804829462026, 41.136939891392444], [28.88968574355558, 41.13694184557926], [28.88968832832012, 41.13703187672739], [28.8895692422393, 41.13703383079733], [28.889571826852908, 41.137123861950066], [28.889333654330812, 41.13712776973318], [28.889336238630825, 41.13721780089668], [28.889217152189552, 41.13721975460985]]]}, "properties": {"class_code": 2, "class_name": "water_loss", "area_ha": 0.67}}, {"type": "Feature", "geometry": {"type": "Polygon", "coordinates": [[[28.8783365599647, 41.13586648791938], [28.878331421701255, 41.135686424409], [28.878569590517515, 41.13568253948359], [28.87857472943155, 41.135862602969496], [28.8783365599647, 41.13586648791938]]]}, "properties": {"class_code": 2, "class_name": "water_loss", "area_ha": 0.04}}, {"type": "Feature", "geometry": {"type": "Polygon", "coordinates": [[[28.89750645713, 41.13546214405897], [28.897503861818773, 41.13537211329327], [28.897622944347912, 41.13537015108568], [28.89762034888582, 41.135280120324616], [28.897739431240556, 41.1352781580002], [28.89774202686529, 41.13536818875507], [28.897622944347912, 41.13537015108568], [28.89762553982178, 41.135460181845204], [28.89750645713, 41.13546214405897]]]}, "properties": {"class_code": 2, "class_name": "water_loss", "area_ha": 0.02}}, {"type": "Feature", "geometry": {"type": "Polygon", "coordinates": [[[28.893571541828464, 41.13534676615921], [28.893568951907774, 41.13525673518664], [28.893807117079525, 41.13525281879237], [28.8938045268453, 41.13516278783058], [28.89392360925093, 41.135160829455074], [28.893926199647794, 41.1352508604107], [28.893807117079525, 41.13525281879237], [28.893809707325495, 41.1353428497526], [28.893571541828464, 41.13534676615921]]]}, "properties": {"class_code": 2, "class_name": "water_loss", "area_ha": 0.03}}, {"type": "Feature", "geometry": {"type": "Polygon", "coordinates": [[[28.89773683562759, 41.135188127243765], [28.89773424002639, 41.1350980964858], [28.897853322044092, 41.13509613405072], [28.897855917807927, 41.135186164802526], [28.89773683562759, 41.135188127243765]]]}, "properties": {"class_code": 2, "class_name": "water_loss", "area_ha": 0.01}}, {"type": "Feature", "geometry": {"type": "Polygon", "coordinates": [[[28.894042691644813, 41.135158870956566], [28.89404010109706, 41.13506884000558], [28.894278265524317, 41.13506492265184], [28.894280856397348, 41.135154953590494], [28.894042691644813, 41.135158870956566]]]}, "properties": {"class_code": 2, "class_name": "water_loss", "area_ha": 0.02}}, {"type": "Feature", "geometry": {"type": "Polygon", "coordinates": [[[28.870243886599354, 41.13617834774955], [28.870236212332408, 41.13590825124523], [28.869402614439156, 41.13592178609154], [28.86939494369224, 41.13565168944539], [28.869514028652393, 41.13564975628327], [28.86950635752186, 41.13537965964151], [28.869744526431504, 41.135375792984746], [28.869747083788713, 41.13546582518802], [28.87034250667314, 41.13545615636271], [28.87036297245425, 41.1361764136897], [28.870243886599354, 41.13617834774955]]]}, "properties": {"class_code": 2, "class_name": "water_loss", "area_ha": 0.43}}, {"type": "Feature", "geometry": {"type": "Polygon", "coordinates": [[[28.897969808135326, 41.13500414074549], [28.897967212232395, 41.134914109996785], [28.89808629390129, 41.13491214732803], [28.898088889966857, 41.13500217807055], [28.897969808135326, 41.13500414074549]]]}, "properties": {"class_code": 2, "class_name": "water_loss", "area_ha": 0.01}}, {"type": "Feature", "geometry": {"type": "Polygon", "coordinates": [[[28.879636207818923, 41.13548498784772], [28.87962849521375, 41.13521489276332], [28.879747578686324, 41.135212949039484], [28.879745007678604, 41.13512291734773], [28.879864090976866, 41.13512097350699], [28.879866662147233, 41.13521100519263], [28.879985745596482, 41.13520906122276], [28.87999345966543, 41.13547915625204], [28.879636207818923, 41.13548498784772]]]}, "properties": {"class_code": 2, "class_name": "water_loss", "area_ha": 0.1}}, {"type": "Feature", "geometry": {"type": "Polygon", "coordinates": [[[28.89820537555842, 41.13491018453628], [28.898202779341993, 41.1348201537984], [28.898321860824723, 41.134818190889796], [28.89831926445743, 41.13472816015657], [28.89843834576576, 41.134726197131144], [28.898440942295675, 41.13481622785819], [28.898321860824723, 41.134818190889796], [28.898324457203778, 41.1349082216215], [28.89820537555842, 41.13491018453628]]]}, "properties": {"class_code": 2, "class_name": "water_loss", "area_ha": 0.02}}, {"type": "Feature", "geometry": {"type": "Polygon", "coordinates": [[[28.871662675952454, 41.13579500252848], [28.87166011594647, 41.13570497042889], [28.871541031032447, 41.13570690581157], [28.871538471200715, 41.13561687370434], [28.871419386437736, 41.13561880895789], [28.87141682678026, 41.13552877684301], [28.871297742168327, 41.13553071196745], [28.8712951826851, 41.13544067984493], [28.87117609822421, 41.135442614840244], [28.871173538915233, 41.13535258271009], [28.870578117249984, 41.13536225581079], [28.87056532494526, 41.13491209498451], [28.870684408488287, 41.134910160640885], [28.870686967088673, 41.13500019280313], [28.871282385443024, 41.13499051920923], [28.87128494486823, 41.13508055133946], [28.871404028666934, 41.13507861624551], [28.87140914787745, 41.13525868048914], [28.871528231989846, 41.13525674525998], [28.87153335157207, 41.13543680948525], [28.87165243599815, 41.135434874120875], [28.87165499596932, 41.13552490622508], [28.871774080546437, 41.13552297073157], [28.871776640691856, 41.135613002828165], [28.871895725420018, 41.13561106720553], [28.871898285739693, 41.13570109929448], [28.872017370618895, 41.13569916354271], [28.872019931112828, 41.13578919562401], [28.871662675952454, 41.13579500252848]]]}, "properties": {"class_code": 2, "class_name": "water_loss", "area_ha": 0.44}}, {"type": "Feature", "geometry": {"type": "Polygon", "coordinates": [[[28.878447936838313, 41.13559445025643], [28.878442798319455, 41.13541438674903], [28.87808554650647, 41.135420213528455], [28.878082977752445, 41.13533018175408], [28.878559312829232, 41.13532241249328], [28.87854903532732, 41.13496228547825], [28.878429952226163, 41.13496422795351], [28.878419675561187, 41.134604100889305], [28.878896005293704, 41.13459633034809], [28.87891142426441, 41.13513652078824], [28.879030507644252, 41.13513457780866], [28.87903307767612, 41.135224609537154], [28.879152161206953, 41.13522266642843], [28.87915730163093, 41.13540272986856], [28.87903821777481, 41.13540467298952], [28.87904078784163, 41.1354947047134], [28.87892170381122, 41.13549664771746], [28.87892427372705, 41.13558667944591], [28.878447936838313, 41.13559445025643]]]}, "properties": {"class_code": 2, "class_name": "water_loss", "area_ha": 0.49}}, {"type": "Feature", "geometry": {"type": "Polygon", "coordinates": [[[28.898435749247607, 41.134636166402544], [28.89843315274123, 41.1345461356724], [28.898552233712522, 41.134544172536316], [28.898547040409827, 41.13436411108377], [28.898666121044094, 41.13436214783705], [28.89866352424777, 41.134272117114634], [28.898782604707637, 41.13427015375109], [28.898780007760465, 41.13418012303331], [28.898899088045926, 41.134178159552945], [28.898901685155728, 41.13426819026454], [28.898782604707637, 41.13427015375109], [28.89878520166658, 41.134360184467326], [28.898666121044094, 41.13436214783705], [28.898671314672047, 41.13454220927724], [28.898552233712522, 41.134544172536316], [28.898554830381535, 41.1346342032603], [28.898435749247607, 41.134636166402544]]]}, "properties": {"class_code": 2, "class_name": "water_loss", "area_ha": 0.05}}, {"type": "Feature", "geometry": {"type": "Polygon", "coordinates": [[[28.87115306486112, 41.134632325613346], [28.871145387282265, 41.134362229176595], [28.871502634775, 41.13435642404108], [28.871510313817602, 41.13462652042295], [28.87115306486112, 41.134632325613346]]]}, "properties": {"class_code": 2, "class_name": "water_loss", "area_ha": 0.09}}, {"type": "Feature", "geometry": {"type": "Polygon", "coordinates": [[[28.87508279763494, 41.13456840762393], [28.8750751039549, 41.134298311791326], [28.875313268195065, 41.13429443370473], [28.87532096285093, 41.13456452950068], [28.87508279763494, 41.13456840762393]]]}, "properties": {"class_code": 2, "class_name": "water_loss", "area_ha": 0.06}}, {"type": "Feature", "geometry": {"type": "Polygon", "coordinates": [[[28.8988964909479, 41.134088128839814], [28.898893893861647, 41.13399809812512], [28.89901297381009, 41.13399613453411], [28.899010376572985, 41.13390610382407], [28.89912945634703, 41.133904140116236], [28.899132053746754, 41.133994170820095], [28.89901297381009, 41.13399613453411], [28.89901557105897, 41.134086165242614], [28.8988964909479, 41.134088128839814]]]}, "properties": {"class_code": 2, "class_name": "water_loss", "area_ha": 0.02}}, {"type": "Feature", "geometry": {"type": "Polygon", "coordinates": [[[28.87402643247894, 41.13512604504235], [28.87401361670706, 41.13467588508513], [28.873656367994162, 41.134681698044126], [28.873653805362558, 41.13459166602973], [28.873534722597665, 41.13459360343058], [28.873532160140325, 41.134503571408544], [28.873413077526447, 41.13450550868027], [28.87340539071204, 41.134235412586584], [28.87376263705508, 41.13422960045728], [28.87376519980284, 41.134319632471744], [28.874003364298716, 41.13431575709156], [28.874005927383376, 41.13440578909226], [28.87412500977652, 41.134403851211545], [28.874127573035434, 41.134493883204605], [28.874484820633054, 41.13448806880601], [28.874497639541534, 41.13493822865654], [28.874854889474143, 41.13493241305914], [28.874852325181283, 41.134842381110445], [28.875090491419613, 41.13483850344262], [28.875095620667533, 41.135018567314056], [28.874500203358096, 41.13502826062202], [28.874502767186282, 41.13511829258595], [28.87402643247894, 41.13512604504235]]]}, "properties": {"class_code": 2, "class_name": "water_loss", "area_ha": 0.56}}, {"type": "Feature", "geometry": {"type": "Polygon", "coordinates": [[[28.877821694809537, 41.13452377949737], [28.87780885336448, 41.134073620471696], [28.878285179426697, 41.1340658525377], [28.878287748342952, 41.13415588432146], [28.878168666682228, 41.134157826495596], [28.87817894181319, 41.13451795363964], [28.877821694809537, 41.13452377949737]]]}, "properties": {"class_code": 2, "class_name": "water_loss", "area_ha": 0.16}}, {"type": "Feature", "geometry": {"type": "Polygon", "coordinates": [[[28.899248536109297, 41.133902176285396], [28.899245938558717, 41.13381214558616], [28.899484097722674, 41.13380821756782], [28.89948149985863, 41.133718186879435], [28.899719658650234, 41.13371425838142], [28.899714462306992, 41.13353419702476], [28.899833541359882, 41.133532232603606], [28.89984393474397, 41.13389235528599], [28.899248536109297, 41.133902176285396]]]}, "properties": {"class_code": 2, "class_name": "water_loss", "area_ha": 0.1}}, {"type": "Feature", "geometry": {"type": "Polygon", "coordinates": [[[28.874482256886232, 41.13439803683126], [28.874472002015157, 41.13403790891687], [28.874591083711273, 41.13403597056851], [28.8745859560202, 41.13385590661426], [28.87494320006301, 41.133850090867696], [28.874953457443247, 41.1342102186967], [28.874715293458593, 41.13421409603296], [28.874717857507452, 41.13430412799857], [28.874598775335052, 41.13430606648828], [28.87460133923289, 41.13439609845847], [28.874482256886232, 41.13439803683126]]]}, "properties": {"class_code": 2, "class_name": "water_loss", "area_ha": 0.17}}, {"type": "Feature", "geometry": {"type": "Polygon", "coordinates": [[[28.899830943043302, 41.133442201929135], [28.899828344738506, 41.13335217125313], [28.89994742345438, 41.133350206721346], [28.899944824998745, 41.13326017604999], [28.90006390354022, 41.13325821140139], [28.900066502158474, 41.133348242066575], [28.89994742345438, 41.133350206721346], [28.899950021921796, 41.13344023739117], [28.899830943043302, 41.133442201929135]]]}, "properties": {"class_code": 2, "class_name": "water_loss", "area_ha": 0.02}}, {"type": "Feature", "geometry": {"type": "Polygon", "coordinates": [[[28.87375751159441, 41.13404953642373], [28.8737549488815, 41.13395950440465], [28.87351678564023, 41.13396337924391], [28.873514223264205, 41.133873347211065], [28.873395141788784, 41.133875284440066], [28.873387455218314, 41.13360518831398], [28.873982860039785, 41.133595501030356], [28.8739879860348, 41.13377556505492], [28.874107067289504, 41.13377362721693], [28.874114756857075, 41.13404372322388], [28.87375751159441, 41.13404953642373]]]}, "properties": {"class_code": 2, "class_name": "water_loss", "area_ha": 0.24}}, {"type": "Feature", "geometry": {"type": "Polygon", "coordinates": [[[28.89463551207712, 41.1350590456986], [28.894632920727933, 41.13496901477692], [28.89522833060112, 41.13495921742536], [28.89522573845052, 41.134869186533], [28.895463901992276, 41.13486526674361], [28.89546130952815, 41.13477523586205], [28.89558039111877, 41.134773275789], [28.895577798503773, 41.13468324491209], [28.895935042717195, 41.13467736397338], [28.895932449626056, 41.13458733311344], [28.896170612050966, 41.134583411884904], [28.89616801864632, 41.13449338103577], [28.896287099678517, 41.134491420243165], [28.896284506123, 41.13440138939866], [28.896403586980803, 41.13439942848921], [28.896400993274415, 41.134309397649346], [28.896639154629487, 41.13430547547377], [28.8966365606096, 41.1342154446447], [28.89675564110687, 41.134213483378566], [28.89675304693612, 41.13412345255414], [28.896872127258998, 41.134121491171186], [28.896869532937384, 41.13403146035139], [28.896988613085878, 41.13402949885158], [28.896986018613394, 41.13393946803642], [28.8971050985875, 41.133937506419784], [28.897102503964156, 41.133847475609265], [28.89722158376388, 41.1338455138758], [28.897218988989675, 41.13375548306991], [28.897338068615007, 41.13375352121961], [28.897335473689942, 41.13366349041835], [28.897454553140886, 41.13366152845123], [28.897451958064963, 41.13357149765461], [28.89757103734152, 41.13356953557065], [28.897568442114743, 41.13347950477866], [28.897687521216913, 41.13347754257788], [28.897684925839275, 41.133387511790524], [28.897804004767064, 41.13338554947292], [28.89780140923858, 41.1332955186902], [28.897920487991975, 41.133293556255765], [28.897917892312634, 41.13320352547769], [28.89803697089165, 41.13320156292643], [28.898034375061457, 41.133111532152974], [28.89815345346608, 41.133109569484894], [28.89815085748504, 41.13301953871609], [28.898269935715277, 41.13301757593117], [28.89827253185894, 41.1331076066938], [28.89815345346608, 41.133109569484894], [28.898156049458887, 41.133199600252155], [28.89803697089165, 41.13320156292643], [28.8980395667336, 41.13329159369832], [28.897920487991975, 41.133293556255765], [28.89792567938596, 41.1334736178073], [28.897806600307323, 41.13347558025409], [28.89780919585934, 41.13356561103372], [28.897690116606313, 41.133567573363685], [28.89769271200748, 41.13365760414795], [28.897573632580066, 41.133659566361096], [28.897576227830374, 41.13374959714999], [28.897338068615007, 41.13375352121961], [28.897340663551834, 41.13384355201933], [28.89722158376388, 41.1338455138758], [28.897224178549845, 41.133935544680156], [28.8971050985875, 41.133937506419784], [28.897107693222612, 41.13402753722877], [28.896988613085878, 41.13402949885158], [28.896991207570125, 41.1341195296652], [28.896872127258998, 41.134121491171186], [28.89687472159238, 41.13421152198942], [28.89675564110687, 41.134213483378566], [28.896758235289383, 41.134303514201456], [28.896639154629487, 41.13430547547377], [28.896641748661132, 41.13439550630128], [28.896403586980803, 41.13439942848921], [28.89640618069895, 41.13448945932753], [28.896287099678517, 41.134491420243165], [28.896289693245787, 41.13458145108612], [28.896170612050966, 41.134583411884904], [28.896173205467367, 41.1346734427325], [28.895935042717195, 41.13467736397338], [28.895937635820093, 41.13476739483178], [28.89569947269763, 41.13477131559296], [28.895702065487015, 41.134861346462145], [28.895463901992276, 41.13486526674361], [28.895466494468145, 41.13495529762361], [28.895347412540513, 41.134957257585995], [28.895350004865506, 41.135047288470645], [28.89463551207712, 41.1350590456986]]]}, "properties": {"class_code": 2, "class_name": "water_loss", "area_ha": 0.37}}, {"type": "Feature", "geometry": {"type": "Polygon", "coordinates": [[[28.900061304933747, 41.133168180734664], [28.900056107756143, 41.13298811939657], [28.90017518579798, 41.13298615464354], [28.900172587064233, 41.13289612397836], [28.900291664931682, 41.13289415910851], [28.90029426382804, 41.13298418976749], [28.90017518579798, 41.13298615464354], [28.90018038330082, 41.133166215969254], [28.900061304933747, 41.133168180734664]]]}, "properties": {"class_code": 2, "class_name": "water_loss", "area_ha": 0.03}}, {"type": "Feature", "geometry": {"type": "Polygon", "coordinates": [[[28.9002890660471, 41.13280412844798], [28.9002864671743, 41.13271409778591], [28.900405544704736, 41.13271213280542], [28.900402945681105, 41.132622102148], [28.900522023037137, 41.1326201370507], [28.90052462222339, 41.132710167701944], [28.900405544704736, 41.13271213280542], [28.90040814374015, 41.13280216346131], [28.9002890660471, 41.13280412844798]]]}, "properties": {"class_code": 2, "class_name": "water_loss", "area_ha": 0.02}}, {"type": "Feature", "geometry": {"type": "Polygon", "coordinates": [[[28.900519423862683, 41.1325301063979], [28.9005168247, 41.13244007574357], [28.90063590171903, 41.13243811053566], [28.900638501044323, 41.13252814118379], [28.900519423862683, 41.1325301063979]]]}, "properties": {"class_code": 2, "class_name": "water_loss", "area_ha": 0.01}}, {"type": "Feature", "geometry": {"type": "Polygon", "coordinates": [[[28.87718520431485, 41.13309297729251], [28.877177502411115, 41.132822881715875], [28.877296581725542, 41.13282094061761], [28.877291446856002, 41.13264087690439], [28.877529604799456, 41.13263699436329], [28.8775270370569, 41.132546962516585], [28.877646115848545, 41.132545021067635], [28.87764354795501, 41.13245498922551], [28.87776262657239, 41.13245304765966], [28.877760058527883, 41.13236301582211], [28.878117293822307, 41.13235719040488], [28.878114725301586, 41.132267158584135], [28.878233803547154, 41.132265216538485], [28.878231234875454, 41.13217518472232], [28.878469391006426, 41.13217130027425], [28.87847196000336, 41.13226133207817], [28.878352881781076, 41.13226327436984], [28.878355450627044, 41.13235330617836], [28.878117293822307, 41.13235719040488], [28.878119862354684, 41.13244722222407], [28.87776262657239, 41.13245304765966], [28.87776519462855, 41.13254307949567], [28.877646115848545, 41.132545021067635], [28.877648683753723, 41.13263505290822], [28.877529604799456, 41.13263699436329], [28.877534740319486, 41.132817058052055], [28.877296581725542, 41.13282094061761], [28.877304284117155, 41.1330910361759], [28.87718520431485, 41.13309297729251]]]}, "properties": {"class_code": 2, "class_name": "water_loss", "area_ha": 0.16}}, {"type": "Feature", "geometry": {"type": "Polygon", "coordinates": [[[28.90075497872628, 41.132436145204736], [28.900744580892518, 41.13207602262145], [28.90086365723754, 41.1320740571923], [28.900858458066153, 41.13189399590376], [28.90097753407418, 41.13189203036398], [28.90096973491766, 41.131621938438144], [28.90108881042608, 41.13161997279395], [28.901086210568213, 41.131529942155105], [28.90120528590224, 41.131527976394096], [28.90121048595498, 41.131708037657866], [28.901091410295738, 41.13171000343125], [28.901096610070415, 41.13189006470121], [28.90097753407418, 41.13189203036398], [28.900990532904085, 41.13234218354277], [28.900871456083017, 41.13234414911351], [28.900874055721744, 41.1324341797508], [28.90075497872628, 41.132436145204736]]]}, "properties": {"class_code": 2, "class_name": "water_loss", "area_ha": 0.14}}, {"type": "Feature", "geometry": {"type": "Polygon", "coordinates": [[[28.898267339583384, 41.132927545167], [28.898264743463265, 41.132837514401274], [28.898383821356507, 41.13283555150573], [28.89837862882634, 41.13265548998203], [28.89849770638258, 41.132653526975844], [28.898495109972544, 41.13256349621785], [28.898614187354397, 41.13256153309483], [28.898593415196927, 41.131841287024734], [28.898831567323565, 41.131837360508655], [28.898828970531635, 41.13174732975531], [28.89894804641469, 41.13174536631895], [28.898942852540937, 41.13156530481997], [28.899061928087004, 41.131563341272994], [28.89905673393514, 41.13138327978021], [28.89917580914423, 41.13138131612259], [28.8991836008775, 41.1316514083409], [28.8990645251806, 41.13165337201706], [28.89906712228597, 41.131743402759604], [28.89894804641469, 41.13174536631895], [28.898950643369222, 41.13183539706612], [28.898831567323565, 41.131837360508655], [28.898834164127262, 41.13192739126047], [28.898715087907227, 41.13192935458618], [28.89873326472448, 41.13255956984882], [28.898614187354397, 41.13256153309483], [28.898619380511473, 41.1327415945969], [28.89850030280439, 41.13274355773227], [28.89850289923797, 41.13283358848717], [28.898383821356507, 41.13283555150573], [28.89838641763924, 41.132925582265266], [28.898267339583384, 41.132927545167]]]}, "properties": {"class_code": 2, "class_name": "water_loss", "area_ha": 0.2}}, {"type": "Feature", "geometry": {"type": "Polygon", "coordinates": [[[28.879900897762095, 41.13223801498353], [28.879898326813745, 41.13214798325306], [28.87977924889389, 41.13214992701471], [28.87977410735739, 41.13196986353689], [28.879535952133182, 41.13197375066665], [28.879533381707645, 41.131883718913194], [28.879176149271775, 41.13188954866692], [28.879178719209463, 41.13197958043876], [28.87870240848141, 41.13198735174611], [28.878704977780288, 41.1320773835409], [28.878585899906536, 41.132079326066346], [28.878583330770276, 41.13198929426543], [28.87870240848141, 41.13198735174611], [28.87869983919418, 41.131897319949786], [28.87905707176985, 41.13189149167215], [28.879054502006426, 41.13180145989265], [28.879173579345736, 41.13179951689354], [28.879171009431346, 41.131709485118606], [28.87952824089153, 41.13170365540162], [28.87953081129376, 41.13179368715817], [28.879649888586467, 41.131791743667044], [28.879652459162962, 41.131881775415934], [28.87977153660663, 41.131879831795665], [28.87977410735739, 41.13196986353689], [28.879893184952017, 41.13196791978748], [28.879895755877055, 41.13205795152105], [28.88001483362264, 41.132056007642525], [28.880017404721947, 41.13214603936841], [28.880136482618493, 41.13214409536075], [28.880139053892076, 41.132234127078966], [28.879900897762095, 41.13223801498353]]]}, "properties": {"class_code": 2, "class_name": "water_loss", "area_ha": 0.2}}, {"type": "Feature", "geometry": {"type": "Polygon", "coordinates": [[[28.901202685893555, 41.131437945759906], [28.901194885938207, 41.13116785384802], [28.90131396061004, 41.131165887988786], [28.901308760373542, 41.130985826718856], [28.901427834708386, 41.13098386074901], [28.90143563556862, 41.13125395263301], [28.901316560745972, 41.131255918621434], [28.90132176105319, 41.1314359798821], [28.901202685893555, 41.131437945759906]]]}, "properties": {"class_code": 2, "class_name": "water_loss", "area_ha": 0.06}}, {"type": "Feature", "geometry": {"type": "Polygon", "coordinates": [[[28.945714680933914, 41.12997390197152], [28.9457066988417, 41.12970381705272], [28.94594483665253, 41.12969979331409], [28.945952819720176, 41.12996987819485], [28.945714680933914, 41.12997390197152]]]}, "properties": {"class_code": 2, "class_name": "water_loss", "area_ha": 0.06}}, {"type": "Feature", "geometry": {"type": "Polygon", "coordinates": [[[28.90142523444522, 41.13089383011793], [28.901420033954253, 41.13071376885109], [28.90153910778952, 41.130711802776844], [28.90153650739912, 41.130621772147286], [28.90165558106, 41.13061980595623], [28.901650379989373, 41.1304397447049], [28.901888526625385, 41.13043581197858], [28.90188592578257, 41.130345781362976], [28.902124072046234, 41.13034184815706], [28.902113667492127, 41.12998172572877], [28.90235181240789, 41.129977792080446], [28.902354413853914, 41.13006782267744], [28.902473486456696, 41.130065855662586], [28.902483893009077, 41.130425978010315], [28.901888526625385, 41.13043581197858], [28.901891127479995, 41.130525842592625], [28.90177205400529, 41.13052780902348], [28.90177465470909, 41.13061783964218], [28.90165558106, 41.13061980595623], [28.901660782177785, 41.13079986720138], [28.901541708191708, 41.13080183340483], [28.901544308605686, 41.13089186403128], [28.90142523444522, 41.13089383011793]]]}, "properties": {"class_code": 2, "class_name": "water_loss", "area_ha": 0.23}}, {"type": "Feature", "geometry": {"type": "Polygon", "coordinates": [[[28.89916801751692, 41.131111223890365], [28.89916022599558, 41.13084113164424], [28.89939837442722, 41.13083720403425], [28.89939577695179, 41.13074717329483], [28.899514850987348, 41.13074520931153], [28.89950965574662, 41.13056514784039], [28.89962872944521, 41.13056318374648], [28.89962093618465, 41.130293091546754], [28.899740009383677, 41.1302911273484], [28.899727020038643, 41.12984097368218], [28.899846092412936, 41.12983900939178], [28.89984349441667, 41.12974897866009], [28.89996256661659, 41.12974701425288], [28.89995996846951, 41.12965698352583], [28.90007904049507, 41.12965501900182], [28.90007384391107, 41.12947495755545], [28.900192915599664, 41.129472992920824], [28.900190317162746, 41.12938296220151], [28.900309388676984, 41.12938099745008], [28.900314585887767, 41.129561058874785], [28.900195514048363, 41.12956302363859], [28.900198112508836, 41.12965305435481], [28.90007904049507, 41.12965501900182], [28.9000868354594, 41.12992511115976], [28.89996776294608, 41.12992707570234], [28.899970361128492, 41.13001710642476], [28.8998512884408, 41.13001907085054], [28.899861680637855, 41.13037919374946], [28.89974260728801, 41.130381158077], [28.899747803132023, 41.13056121952957], [28.89962872944521, 41.13056318374648], [28.899633925011134, 41.13074324520524], [28.899514850987348, 41.13074520931153], [28.899517448625375, 41.13083524004478], [28.89939837442722, 41.13083720403425], [28.899400971914424, 41.13092723477215], [28.899281897541893, 41.13092919864483], [28.899287092226423, 41.13110926012832], [28.89916801751692, 41.131111223890365]]]}, "properties": {"class_code": 2, "class_name": "water_loss", "area_ha": 0.26}}, {"type": "Feature", "geometry": {"type": "Polygon", "coordinates": [[[28.90210586420036, 41.129711633891304], [28.902098061014723, 41.12944154203992], [28.902217132502965, 41.12943957531442], [28.902211930112987, 41.12925951408483], [28.902331001264272, 41.12925754724874], [28.902344008140588, 41.12970770028016], [28.90210586420036, 41.129711633891304]]]}, "properties": {"class_code": 2, "class_name": "water_loss", "area_ha": 0.08}}, {"type": "Feature", "geometry": {"type": "Polygon", "coordinates": [[[28.902325798596294, 41.12907748602535], [28.902323197279994, 41.12898745541133], [28.902442267931736, 41.12898548847084], [28.902437065009348, 41.128805427250555], [28.90255613532413, 41.12880346019947], [28.902561338571683, 41.12898352140737], [28.902442267931736, 41.12898548847084], [28.90244486941062, 41.12907551907866], [28.902325798596294, 41.12907748602535]]]}, "properties": {"class_code": 2, "class_name": "water_loss", "area_ha": 0.03}}, {"type": "Feature", "geometry": {"type": "Polygon", "coordinates": [[[28.90255353371805, 41.12871342959321], [28.90255093212376, 41.128623398985404], [28.90267000210159, 41.128621431823724], [28.90267260385846, 41.128711462425336], [28.90255353371805, 41.12871342959321]]]}, "properties": {"class_code": 2, "class_name": "water_loss", "area_ha": 0.01}}, {"type": "Feature", "geometry": {"type": "Polygon", "coordinates": [[[28.878027402524786, 41.12920607576021], [28.878017130141778, 41.12884594825183], [28.87813620220838, 41.12884400643868], [28.878141338701784, 41.12902407018373], [28.87837948345043, 41.129020186163984], [28.87838462064077, 41.129200249878366], [28.878027402524786, 41.12920607576021]]]}, "properties": {"class_code": 2, "class_name": "water_loss", "area_ha": 0.08}}, {"type": "Feature", "geometry": {"type": "Polygon", "coordinates": [[[28.902667400356513, 41.12853140122056], [28.90266479862323, 41.12844137061585], [28.90278386826411, 41.1284394033436], [28.90278647015997, 41.12852943394211], [28.902667400356513, 41.12853140122056]]]}, "properties": {"class_code": 2, "class_name": "water_loss", "area_ha": 0.01}}, {"type": "Feature", "geometry": {"type": "Polygon", "coordinates": [[[28.90278126638005, 41.12834937274353], [28.902778664507775, 41.12825934214193], [28.902897733811706, 41.12825737475908], [28.90290033584655, 41.128347405354475], [28.90278126638005, 41.12834937274353]]]}, "properties": {"class_code": 2, "class_name": "water_loss", "area_ha": 0.01}}, {"type": "Feature", "geometry": {"type": "Polygon", "coordinates": [[[28.878252705871517, 41.12875203263382], [28.87824756912279, 41.12857196889176], [28.87848571222225, 41.12856808468722], [28.87849084962133, 41.1287481484048], [28.878252705871517, 41.12875203263382]]]}, "properties": {"class_code": 2, "class_name": "water_loss", "area_ha": 0.04}}, {"type": "Feature", "geometry": {"type": "Polygon", "coordinates": [[[28.879238687503012, 41.129906906302274], [28.87923354784998, 41.12972684269827], [28.878757253429175, 41.12973461388553], [28.878749545988157, 41.12946451839449], [28.87910676535787, 41.12945869024363], [28.87909905655833, 41.129188594793796], [28.87874183865196, 41.12919442288957], [28.87873926956319, 41.1291043910515], [28.878620197067033, 41.12910633349797], [28.87861249035837, 41.128836237956165], [28.87896970634858, 41.12883041030283], [28.878961998281433, 41.1285603148022], [28.878842926784106, 41.12856225745794], [28.87884035761427, 41.1284722256152], [28.87919757158354, 41.12846639729735], [28.87920528059128, 41.12873649276588], [28.879324352378834, 41.12873454972892], [28.879332061979184, 41.12900464516518], [28.87921298970386, 41.12900658822052], [28.879220698921287, 41.12927668366127], [28.879339771684386, 41.129274740587555], [28.87934234160942, 41.12936477239194], [28.87946141452347, 41.12936282918912], [28.879469124856257, 41.129632924574594], [28.879588198246445, 41.12963098123041], [28.87959590917189, 41.12990107658362], [28.879238687503012, 41.129906906302274]]]}, "properties": {"class_code": 2, "class_name": "water_loss", "area_ha": 0.62}}, {"type": "Feature", "geometry": {"type": "Polygon", "coordinates": [[[28.902895131788654, 41.128167344162115], [28.902892529777404, 41.12807731356362], [28.90301159874439, 41.12807534607018], [28.903014200918214, 41.12816537666248], [28.902895131788654, 41.128167344162115]]]}, "properties": {"class_code": 2, "class_name": "water_loss", "area_ha": 0.01}}, {"type": "Feature", "geometry": {"type": "Polygon", "coordinates": [[[28.879922281809932, 41.12881486448221], [28.879919711141852, 41.12872483269918], [28.87980063941255, 41.12872677635112], [28.879795498436533, 41.12854671276819], [28.880271783983098, 41.1285389374715], [28.88026407065543, 41.12826884215903], [28.87978778705989, 41.12827661738224], [28.879792927965994, 41.12845668097443], [28.87931664288333, 41.12846445427875], [28.879306363719095, 41.12810432699026], [28.879782646200393, 41.1280965537839], [28.879777505387512, 41.12791649017936], [28.88025378638171, 41.12790871505414], [28.880258928495255, 41.12808877860967], [28.880377999039833, 41.12808683450864], [28.880390855340604, 41.12853699333984], [28.880271783983098, 41.1285389374715], [28.880279497415668, 41.128809032770064], [28.879922281809932, 41.12881486448221]]]}, "properties": {"class_code": 2, "class_name": "water_loss", "area_ha": 0.48}}, {"type": "Feature", "geometry": {"type": "Polygon", "coordinates": [[[28.903008996582354, 41.12798531547633], [28.90300639443211, 41.12789528488092], [28.903125463062153, 41.12789331727689], [28.90312286076114, 41.127803286686145], [28.90324192921681, 41.12780131896534], [28.90323932676502, 41.127711288379246], [28.90335839504632, 41.12770932054165], [28.903355792443755, 41.12761928996021], [28.90347486055068, 41.127617322005825], [28.90347225779735, 41.12752729142904], [28.90382946155963, 41.12752138684659], [28.903826858330387, 41.127431356286856], [28.90394592606498, 41.12742938785295], [28.903943322684963, 41.12733935729786], [28.90406239024518, 41.127337388747165], [28.904059786714402, 41.12724735819675], [28.904178854100255, 41.12724538952928], [28.904181457793598, 41.1273354200735], [28.90406239024518, 41.127337388747165], [28.904064993787767, 41.12742741929605], [28.90394592606498, 41.12742938785295], [28.90395113286041, 41.12760944895845], [28.90347486055068, 41.127617322005825], [28.90347746331582, 41.12770735258106], [28.90335839504632, 41.12770932054165], [28.90336099766068, 41.127799351121546], [28.90324192921681, 41.12780131896534], [28.903244531680393, 41.12789134954988], [28.903125463062153, 41.12789331727689], [28.903128065374965, 41.1279833478661], [28.903008996582354, 41.12798531547633]]]}, "properties": {"class_code": 2, "class_name": "water_loss", "area_ha": 0.11}}, {"type": "Feature", "geometry": {"type": "Polygon", "coordinates": [[[28.9042979214743, 41.12724342073882], [28.90429531763019, 41.127153390199254], [28.904533452017734, 41.12714945226181], [28.90453605618698, 41.127239482788966], [28.9042979214743, 41.12724342073882]]]}, "properties": {"class_code": 2, "class_name": "water_loss", "area_ha": 0.02}}, {"type": "Feature", "geometry": {"type": "Polygon", "coordinates": [[[28.904652519193796, 41.12714748310861], [28.904649914873794, 41.127057452586115], [28.904888048865374, 41.12705351392318], [28.90489065351051, 41.127143544433274], [28.904652519193796, 41.12714748310861]]]}, "properties": {"class_code": 2, "class_name": "water_loss", "area_ha": 0.02}}, {"type": "Feature", "geometry": {"type": "Polygon", "coordinates": [[[28.905126182809724, 41.12704957476833], [28.905123577851263, 41.12695954426911], [28.90536171142325, 41.12695560463475], [28.90536431670684, 41.12704563512156], [28.905126182809724, 41.12704957476833]]]}, "properties": {"class_code": 2, "class_name": "water_loss", "area_ha": 0.02}}, {"type": "Feature", "geometry": {"type": "Polygon", "coordinates": [[[28.905480778191528, 41.1269536346331], [28.90547817275718, 41.12686360415095], [28.90559723935109, 41.126861634032515], [28.905594633765986, 41.12677160355503], [28.905713700185515, 41.12676963331984], [28.905716305933176, 41.12685966379111], [28.90559723935109, 41.126861634032515], [28.905599844947993, 41.12695166450847], [28.905480778191528, 41.1269536346331]]]}, "properties": {"class_code": 2, "class_name": "water_loss", "area_ha": 0.02}}, {"type": "Feature", "geometry": {"type": "Polygon", "coordinates": [[[28.905832766593228, 41.12676766296165], [28.905830160694816, 41.126677632495024], [28.906068293149684, 41.12667369142215], [28.906070899373216, 41.12676372187636], [28.905832766593228, 41.12676766296165]]]}, "properties": {"class_code": 2, "class_name": "water_loss", "area_ha": 0.02}}, {"type": "Feature", "geometry": {"type": "Polygon", "coordinates": [[[28.906187359359393, 41.12667172070124], [28.906184752985116, 41.1265816902517], [28.906422885043966, 41.12657774845337], [28.906425491743374, 41.12666777889049], [28.906187359359393, 41.12667172070124]]]}, "properties": {"class_code": 2, "class_name": "water_loss", "area_ha": 0.02}}, {"type": "Feature", "geometry": {"type": "Polygon", "coordinates": [[[28.91143932869157, 41.12703503808935], [28.9114367151054, 41.12694500792113], [28.911198582414777, 41.126948960111854], [28.91119596916557, 41.12685892992963], [28.910957836752686, 41.126862881615985], [28.910955223840446, 41.12677285141977], [28.910598025619972, 41.12677877800829], [28.910595413207265, 41.126688747791846], [28.910238215367883, 41.12669467325489], [28.9102356034547, 41.126604643018226], [28.90987840599644, 41.126610567355804], [28.909875794582778, 41.12652053709894], [28.909637663209864, 41.126524486029986], [28.909635052133154, 41.126434455759124], [28.909396921038013, 41.126438404185826], [28.909394310298257, 41.12634837390097], [28.909156179480892, 41.12635232182332], [28.909153569078093, 41.12626229152449], [28.90891543853851, 41.1262662389425], [28.90891282847265, 41.12617620862968], [28.908079372349363, 41.12619002067542], [28.908081981277316, 41.12628005103177], [28.90784385052481, 41.1262839962362], [28.90784645913947, 41.126374026603415], [28.90772739358292, 41.12637599902737], [28.907730002046854, 41.12646602939928], [28.907610936315915, 41.12646800170646], [28.90761354462911, 41.126558032083025], [28.907494478723795, 41.12656000427346], [28.90749708688625, 41.12665003465469], [28.907139888611674, 41.12665595050676], [28.907137280936897, 41.1265659201069], [28.906541951055665, 41.12657577736974], [28.90653934420552, 41.12648574693728], [28.90689654168203, 41.12647983296714], [28.90689393435602, 41.12638980255176], [28.907608328014543, 41.12637797132836], [28.907605719725, 41.126287940948714], [28.907724785130817, 41.12628596865395], [28.907722176690534, 41.12619593827896], [28.908079372349363, 41.12619002067542], [28.90807676343323, 41.12609999031753], [28.909267413234907, 41.12608025704114], [28.909259581680825, 41.125810166144696], [28.909140517241564, 41.12581214000707], [28.90913007598534, 41.12545201876528], [28.90924913977439, 41.12545004492779], [28.909243918892177, 41.12526998431003], [28.90936298234429, 41.12526801036201], [28.909357761184314, 41.12508794975051], [28.9094768242995, 41.12508597569193], [28.909474213574715, 41.124995945390076], [28.90959327651552, 41.124993971214764], [28.90959588740285, 41.1250840015104], [28.9094768242995, 41.12508597569193], [28.909482045784575, 41.125266036291], [28.90936298234429, 41.12526801036201], [28.90937864610825, 41.12580819215935], [28.909497710523848, 41.125806218051025], [28.90950032135515, 41.125896248338954], [28.90973845047594, 41.12589229974094], [28.909741061644183, 41.12598233001488], [28.909979191042734, 41.12597838091253], [28.90998180254793, 41.126068411172454], [28.910100867392003, 41.126066436430605], [28.91010347907159, 41.126156466682765], [28.910460674020438, 41.12615054170067], [28.910463286199537, 41.12624057193262], [28.91058235132136, 41.12623859668642], [28.91058496367486, 41.1263286269106], [28.91082309420809, 41.126324676036795], [28.910825706898546, 41.12641470624699], [28.91118290309724, 41.12640877899531], [28.911185516287215, 41.12649880918527], [28.911423647352237, 41.12649485705681], [28.911426260879175, 41.12658488723277], [28.911664392221915, 41.12658093459994], [28.91166961996158, 41.126760994922314], [28.911788685940298, 41.12675901840899], [28.911796528126338, 41.12702910886226], [28.91143932869157, 41.12703503808935]]]}, "properties": {"class_code": 2, "class_name": "water_loss", "area_ha": 1.65}}, {"type": "Feature", "geometry": {"type": "Polygon", "coordinates": [[[28.909590665640025, 41.124903940917584], [28.909585443924527, 41.124723880318584], [28.909704506365866, 41.12472190603896], [28.909699284372625, 41.124541845446196], [28.90981834647703, 41.124539871056044], [28.909823568795357, 41.12471993163636], [28.909704506365866, 41.12472190603896], [28.909709728406444, 41.12490196662552], [28.909590665640025, 41.124903940917584]]]}, "properties": {"class_code": 2, "class_name": "water_loss", "area_ha": 0.04}}, {"type": "Feature", "geometry": {"type": "Polygon", "coordinates": [[[28.960418659925985, 41.123689623930694], [28.960415979709456, 41.12359959631707], [28.960654093363072, 41.123595542663466], [28.960656773904635, 41.12368557026432], [28.960418659925985, 41.123689623930694]]]}, "properties": {"class_code": 2, "class_name": "water_loss", "area_ha": 0.02}}, {"type": "Feature", "geometry": {"type": "Polygon", "coordinates": [[[28.86944795165563, 41.12493204693615], [28.869442839664952, 41.12475198216708], [28.869680970153805, 41.1247481164557], [28.869686082794722, 41.12492818120041], [28.86944795165563, 41.12493204693615]]]}, "properties": {"class_code": 2, "class_name": "water_loss", "area_ha": 0.04}}, {"type": "Feature", "geometry": {"type": "Polygon", "coordinates": [[[28.868738668046557, 41.125123706027864], [28.868725892917745, 41.12467354392639], [28.868964023220503, 41.12466967970291], [28.868976799974927, 41.12511984174351], [28.868738668046557, 41.125123706027864]]]}, "properties": {"class_code": 2, "class_name": "water_loss", "area_ha": 0.1}}, {"type": "Feature", "geometry": {"type": "Polygon", "coordinates": [[[28.873131296012918, 41.124601976163845], [28.87312617401319, 41.12442191176345], [28.873245238416185, 41.124419975175215], [28.873242677271175, 41.12432994297881], [28.873480805717215, 41.12432606944564], [28.873488490162398, 41.124596165993616], [28.873131296012918, 41.124601976163845]]]}, "properties": {"class_code": 2, "class_name": "water_loss", "area_ha": 0.08}}, {"type": "Feature", "geometry": {"type": "Polygon", "coordinates": [[[28.960391858307386, 41.12278934772443], [28.960389178212342, 41.12269932009525], [28.96062728861571, 41.12269526656936], [28.96062996903577, 41.12278529418576], [28.960391858307386, 41.12278934772443]]]}, "properties": {"class_code": 2, "class_name": "water_loss", "area_ha": 0.02}}, {"type": "Feature", "geometry": {"type": "Polygon", "coordinates": [[[28.909815735335624, 41.12444984076357], [28.909813124206053, 41.12435981046953], [28.90993218597354, 41.124357835968844], [28.909929574693262, 41.1242678056795], [28.91004863628637, 41.12426583106207], [28.91004602485539, 41.12417580077739], [28.910165086274123, 41.12417382604322], [28.91016247469244, 41.124083795763205], [28.910281535936797, 41.124081820912295], [28.910263254058744, 41.12345160895242], [28.910382314153498, 41.1234496340221], [28.910400597169307, 41.124079845938404], [28.910281535936797, 41.124081820912295], [28.910284147681015, 41.12417185118608], [28.910165086274123, 41.12417382604322], [28.910167697867646, 41.12426385632167], [28.91004863628637, 41.12426583106207], [28.910051247729193, 41.1243558613452], [28.90993218597354, 41.124357835968844], [28.909934797265656, 41.12444786625666], [28.909815735335624, 41.12444984076357]]]}, "properties": {"class_code": 2, "class_name": "water_loss", "area_ha": 0.11}}, {"type": "Feature", "geometry": {"type": "Polygon", "coordinates": [[[28.87193552934489, 41.12444127088199], [28.871932969988002, 41.12435123861849], [28.871813905619906, 41.12435317384787], [28.871808787266037, 41.12417310930402], [28.871570659145263, 41.12417697936947], [28.871568100310842, 41.12408694708304], [28.871806228106507, 41.12408307702978], [28.871808787266037, 41.12417310930402], [28.87204691534041, 41.12416923874666], [28.87204947483665, 41.12425927100717], [28.87240666734886, 41.12425346423053], [28.872409227344363, 41.12434349647118], [28.872290163022676, 41.12434543219246], [28.87229272286724, 41.124435464437674], [28.87193552934489, 41.12444127088199]]]}, "properties": {"class_code": 2, "class_name": "water_loss", "area_ha": 0.12}}, {"type": "Feature", "geometry": {"type": "Polygon", "coordinates": [[[28.8732221885291, 41.123609685351965], [28.873219627488577, 41.12351965314167], [28.87333869025444, 41.12351771649148], [28.873341251457507, 41.123607748695676], [28.8732221885291, 41.123609685351965]]]}, "properties": {"class_code": 2, "class_name": "water_loss", "area_ha": 0.01}}, {"type": "Feature", "geometry": {"type": "Polygon", "coordinates": [[[28.870258396605443, 41.12410822358321], [28.87025583957071, 41.1240181912282], [28.87001771179866, 41.124022058071915], [28.870010041739334, 41.12375196096107], [28.8695337880068, 41.12375969309969], [28.869541456115492, 41.12402979028362], [28.869422392165735, 41.12403172302911], [28.869407057027946, 41.12349152861085], [28.869287994041905, 41.123493461196816], [28.869285438388708, 41.12340342878229], [28.86916637555364, 41.1234053612392], [28.86916382007458, 41.12331532881703], [28.869282882747097, 41.1233133963662], [28.869285438388708, 41.12340342878229], [28.869404501212195, 41.123401496202405], [28.869407057027946, 41.12349152861085], [28.86952612000239, 41.12348959590189], [28.869528675992274, 41.12357962830271], [28.869885865333757, 41.12357382941974], [28.86988842182288, 41.123663861800736], [28.870364674766133, 41.1236561282108], [28.870367231917044, 41.12374616056587], [28.870486295286437, 41.12374422685486], [28.87049652465623, 41.12410435623542], [28.870258396605443, 41.12410822358321]]]}, "properties": {"class_code": 2, "class_name": "water_loss", "area_ha": 0.32}}, {"type": "Feature", "geometry": {"type": "Polygon", "coordinates": [[[28.87393144190536, 41.12341799922076], [28.87392119400472, 41.12305787050443], [28.874278379620236, 41.12305205806304], [28.874288629471426, 41.123412186706105], [28.87393144190536, 41.12341799922076]]]}, "properties": {"class_code": 2, "class_name": "water_loss", "area_ha": 0.12}}, {"type": "Feature", "geometry": {"type": "Polygon", "coordinates": [[[28.86903964679219, 41.12313719628375], [28.869037091510425, 41.12304716385087], [28.86915615370689, 41.12304523154128], [28.8691587091512, 41.12313526396808], [28.86903964679219, 41.12313719628375]]]}, "properties": {"class_code": 2, "class_name": "water_loss", "area_ha": 0.01}}, {"type": "Feature", "geometry": {"type": "Polygon", "coordinates": [[[28.872011083611298, 41.12290878693769], [28.87200852428909, 41.122818754654055], [28.87236570899893, 41.12281294817014], [28.872368268808767, 41.12290298043549], [28.872011083611298, 41.12290878693769]]]}, "properties": {"class_code": 2, "class_name": "water_loss", "area_ha": 0.03}}, {"type": "Feature", "geometry": {"type": "Polygon", "coordinates": [[[28.91037970234146, 41.123359603742145], [28.91035880827134, 41.12263936144681], [28.91023974963936, 41.12264133632114], [28.910231915045987, 41.12237124541617], [28.91011285688975, 41.122373220148866], [28.910107634211744, 41.122193159525374], [28.90998857636872, 41.12219513412267], [28.909983354063105, 41.12201507348054], [28.909864296533296, 41.122017047942435], [28.909859074600067, 41.121836987281675], [28.90974001738346, 41.12183896160818], [28.909737406597124, 41.12174893126924], [28.90985646365121, 41.12174695694897], [28.909859074600067, 41.121836987281675], [28.90997813180484, 41.12183501283222], [28.909983354063105, 41.12201507348054], [28.91010241158109, 41.12201309889569], [28.910105022890495, 41.122103129211304], [28.91022408055916, 41.12210115449727], [28.910231915045987, 41.12237124541617], [28.91035097319039, 41.12236927056051], [28.910353584872198, 41.12245930085749], [28.91047264316729, 41.12245732587265], [28.91049876226184, 41.12335762869509], [28.91037970234146, 41.123359603742145]]]}, "properties": {"class_code": 2, "class_name": "water_loss", "area_ha": 0.21}}, {"type": "Feature", "geometry": {"type": "Polygon", "coordinates": [[[28.87617054274754, 41.122570879334205], [28.876162847853475, 41.122300783105736], [28.87652002890557, 41.12229496380172], [28.876527725262488, 41.12256505997519], [28.87617054274754, 41.122570879334205]]]}, "properties": {"class_code": 2, "class_name": "water_loss", "area_ha": 0.09}}, {"type": "Feature", "geometry": {"type": "Polygon", "coordinates": [[[28.8716308692158, 41.12210430156024], [28.871623193060053, 41.12183420460816], [28.871742252888478, 41.12183226967247], [28.87174992953183, 41.12210236660626], [28.8716308692158, 41.12210430156024]]]}, "properties": {"class_code": 2, "class_name": "water_loss", "area_ha": 0.03}}, {"type": "Feature", "geometry": {"type": "Polygon", "coordinates": [[[28.871113699946676, 41.12067152251818], [28.87110602629796, 41.1204014254189], [28.871701312553675, 41.120391752457735], [28.87170898864027, 41.120661849465584], [28.871589930924745, 41.120663784322026], [28.871584813847132, 41.12048371963947], [28.87122764160613, 41.12048952343446], [28.87123275770859, 41.120669588153575], [28.871113699946676, 41.12067152251818]]]}, "properties": {"class_code": 2, "class_name": "water_loss", "area_ha": 0.09}}, {"type": "Feature", "geometry": {"type": "Polygon", "coordinates": [[[28.909615738919225, 41.121660875119865], [28.90961312831907, 41.121570844771625], [28.90949407156636, 41.12157281883355], [28.909491461140565, 41.12148278847754], [28.909372404538527, 41.12148476241029], [28.909361963603747, 41.121124640945894], [28.90948101955571, 41.121122667038016], [28.909473188491308, 41.12085257594213], [28.90971129938465, 41.12084862779485], [28.909708688728493, 41.12075859743889], [28.9098277439949, 41.12075662318704], [28.909822522393064, 41.12057656248293], [28.90994157732261, 41.12057458812056], [28.909938966376934, 41.12048455777241], [28.910058021132137, 41.12048258329332], [28.91005541003579, 41.12039255294984], [28.910174464616645, 41.12039057835401], [28.91017185336962, 41.120300548015194], [28.910290907776137, 41.120298573302655], [28.91028829637844, 41.12020854296851], [28.910407350610605, 41.120206568139224], [28.910404739062237, 41.12011653780977], [28.910642847166045, 41.12011258779479], [28.910640235304502, 41.12002255747624], [28.91087834303594, 41.12001860698193], [28.910875730861225, 41.11992857667426], [28.91099478454668, 41.1199266012489], [28.910992172221306, 41.11983657094591], [28.91123027923167, 41.119832619738794], [28.91122766659313, 41.1197425894467], [28.911346719918043, 41.11974061366496], [28.91134410712884, 41.11965058337755], [28.911582213418136, 41.11964663145765], [28.911579600315775, 41.119556601181145], [28.91193675917337, 41.119550672397864], [28.91193937276324, 41.1196407026557], [28.911582213418136, 41.11964663145765], [28.91158482653234, 41.11973666173261], [28.911465773231118, 41.11973863776025], [28.911468386194667, 41.11982866803988], [28.91134933271909, 41.119830643950806], [28.91135194553198, 41.119920674235146], [28.911232891882054, 41.119922650029345], [28.911235504544283, 41.12001268031834], [28.911116450720012, 41.12001465599582], [28.911119063231578, 41.12010468628948], [28.911000009232954, 41.120106661850244], [28.911002621593855, 41.12019669214859], [28.91076451323607, 41.120200642913694], [28.910767125283805, 41.12029067322294], [28.910529016553642, 41.12029462350869], [28.910531628288194, 41.120384653828836], [28.910293519185664, 41.12038860363524], [28.910296130607037, 41.120478633966286], [28.910177075875506, 41.12048060869128], [28.91018229842874, 41.120660669361165], [28.910063243360348, 41.120662643975635], [28.910068465635906, 41.12084270465177], [28.909949410230656, 41.12084467915575], [28.909957243245227, 41.12111477017701], [28.909838187340597, 41.12111674457669], [28.909843409084456, 41.12129680526223], [28.90972435284296, 41.12129877955141], [28.909734795822622, 41.12165890092878], [28.909615738919225, 41.121660875119865]]]}, "properties": {"class_code": 2, "class_name": "water_loss", "area_ha": 0.7}}, {"type": "Feature", "geometry": {"type": "Polygon", "coordinates": [[[28.875034910224496, 41.120337527068074], [28.87502722059048, 41.12006743055891], [28.875146276994204, 41.12006549217327], [28.875153967115782, 41.12033558866412], [28.875034910224496, 41.120337527068074]]]}, "properties": {"class_code": 2, "class_name": "water_loss", "area_ha": 0.03}}, {"type": "Feature", "geometry": {"type": "Polygon", "coordinates": [[[28.87466748860904, 41.119983212786956], [28.874664925920115, 41.11989318059429], [28.87478398203366, 41.11989124258974], [28.8747865448851, 41.1199812747763], [28.87466748860904, 41.119983212786956]]]}, "properties": {"class_code": 2, "class_name": "water_loss", "area_ha": 0.01}}, {"type": "Feature", "geometry": {"type": "Polygon", "coordinates": [[[28.874151630981217, 41.122783899149645], [28.87414906874485, 41.12269386697428], [28.87403000752318, 41.12269580443033], [28.87402488341037, 41.12251574006278], [28.87390582250217, 41.122517677383655], [28.873890451417708, 41.12197748420731], [28.873771391473127, 41.12197942136859], [28.873766268196277, 41.12179935695192], [28.87364720856515, 41.12180129397803], [28.87364464710668, 41.121711261761284], [28.874001825477617, 41.12170545033237], [28.873996701620317, 41.121525385930866], [28.87447293798538, 41.121517635686324], [28.874470375424025, 41.121427603507684], [28.874589434323717, 41.12142566564524], [28.874581746221754, 41.121155569118336], [28.87410551250363, 41.12116331975705], [28.874110636593084, 41.121343384158706], [28.87339628371715, 41.12135500650114], [28.87339884480411, 41.12144503873627], [28.873279785788284, 41.121446975369075], [28.873284907671973, 41.121627039846906], [28.873165848319477, 41.121628976368946], [28.87315560524865, 41.1212688473827], [28.87279842907189, 41.121274656137835], [28.872795868820795, 41.12118462386912], [28.87255775163664, 41.12118849574552], [28.87255007192816, 41.12091839889351], [28.873145362363562, 41.12090871837178], [28.87315304450997, 41.12117881513228], [28.873748337093094, 41.12116913144499], [28.87372784510044, 41.12044887363018], [28.873608787907248, 41.12045081056475], [28.873606226622936, 41.12036077832485], [28.873487169580656, 41.12036271513034], [28.87348460847048, 41.12027268288282], [28.87300838083535, 41.12028042885081], [28.872998139111083, 41.119920299747584], [28.873236251651697, 41.119916427058314], [28.873231130209128, 41.11973636252185], [28.87358829795788, 41.11973055260238], [28.873583175586635, 41.119550488096344], [28.8739403422558, 41.11954467710688], [28.87394290392316, 41.119634709342364], [28.874181015302913, 41.11963083472241], [28.874186139322543, 41.11981089916431], [28.87430519532003, 41.11980896165768], [28.874312881924144, 41.12007905829065], [28.874670051309582, 41.120073244978094], [28.874677739480916, 41.12034334154221], [28.874439625593777, 41.12034721724351], [28.87444987535134, 41.12070734602292], [28.874926105679524, 41.12069959403079], [28.874936358223362, 41.12105972268782], [28.874817300008637, 41.12106166089472], [28.874819863011112, 41.121151693061215], [28.87470080462224, 41.12115363115126], [28.874708493211795, 41.12142372765983], [28.87482755208826, 41.12142178955146], [28.87485574626577, 41.12241214323023], [28.87473668560142, 41.122414081405765], [28.874741811641485, 41.12259414570315], [28.874622750640437, 41.122596083767924], [28.87462787640189, 41.12277614807135], [28.874151630981217, 41.122783899149645]]]}, "properties": {"class_code": 2, "class_name": "water_loss", "area_ha": 3.07}}, {"type": "Feature", "geometry": {"type": "Polygon", "coordinates": [[[28.91218270679936, 41.11981680999242], [28.912180092860787, 41.119726779750145], [28.9120610396188, 41.11972875639253], [28.91205842585458, 41.11963872614248], [28.912177478934073, 41.11963674950633], [28.912180092860787, 41.119726779750145], [28.912537252515676, 41.119720849085304], [28.912516337533678, 41.119000607240835], [28.912635389428267, 41.11899863015649], [28.912630160476287, 41.11881856969234], [28.91274921203404, 41.11881659249752], [28.912754441311016, 41.11899665294921], [28.912635389428267, 41.11899863015649], [28.912658920298856, 41.11980890216849], [28.91218270679936, 41.11981680999242]]]}, "properties": {"class_code": 2, "class_name": "water_loss", "area_ha": 0.15}}, {"type": "Feature", "geometry": {"type": "Polygon", "coordinates": [[[28.912979470312443, 41.11854254708728], [28.912976855402302, 41.118452516866924], [28.913095906274524, 41.11845053932819], [28.91309329121374, 41.11836050911251], [28.913212341911617, 41.11835853145707], [28.913209726700202, 41.118268501246085], [28.913328777223732, 41.11826652347394], [28.913326161861676, 41.11817649326763], [28.913445212210863, 41.11817451537877], [28.913447827735403, 41.11826454557884], [28.913328777223732, 41.11826652347394], [28.913331392597637, 41.11835655367869], [28.913212341911617, 41.11835853145707], [28.913214957134894, 41.11844856166651], [28.913095906274524, 41.11845053932819], [28.91309852134716, 41.11854056954231], [28.912979470312443, 41.11854254708728]]]}, "properties": {"class_code": 2, "class_name": "water_loss", "area_ha": 0.04}}, {"type": "Feature", "geometry": {"type": "Polygon", "coordinates": [[[28.91761983062849, 41.11837530175661], [28.917614588169528, 41.11819524179785], [28.917733638253925, 41.11819325947689], [28.917731016879774, 41.11810322950142], [28.917850066789804, 41.11810124706378], [28.917847445265053, 41.11801121709302], [28.91796649500071, 41.11800923453867], [28.917969116687946, 41.11809926450319], [28.917850066789804, 41.11810124706378], [28.91785268832644, 41.11819127703299], [28.917733638253925, 41.11819325947689], [28.917738881037863, 41.11837331942316], [28.91761983062849, 41.11837530175661]]]}, "properties": {"class_code": 2, "class_name": "water_loss", "area_ha": 0.04}}, {"type": "Feature", "geometry": {"type": "Polygon", "coordinates": [[[28.874279574061262, 41.11890863944749], [28.87427444994888, 41.11872857498693], [28.874631612021176, 41.11872276194913], [28.87463673710862, 41.118902826373045], [28.874279574061262, 41.11890863944749]]]}, "properties": {"class_code": 2, "class_name": "water_loss", "area_ha": 0.06}}, {"type": "Feature", "geometry": {"type": "Polygon", "coordinates": [[[28.918085544724484, 41.11800725186139], [28.91808292288664, 41.117917221901585], [28.919749615496457, 41.11788945159861], [28.919752239609103, 41.11797948147092], [28.918085544724484, 41.11800725186139]]]}, "properties": {"class_code": 2, "class_name": "water_loss", "area_ha": 0.14}}, {"type": "Feature", "geometry": {"type": "Polygon", "coordinates": [[[28.919868664879406, 41.1178874670835], [28.919866040616167, 41.11779743721588], [28.919985089824728, 41.11779545258408], [28.91998771425045, 41.117885482445445], [28.919868664879406, 41.1178874670835]]]}, "properties": {"class_code": 2, "class_name": "water_loss", "area_ha": 0.01}}, {"type": "Feature", "geometry": {"type": "Polygon", "coordinates": [[[28.869996165568942, 41.119068342475316], [28.869993609345755, 41.118978310027835], [28.8698745545558, 41.1189802430471], [28.869866886443308, 41.118710145677106], [28.870343103583473, 41.11870241293544], [28.870337990266332, 41.11852234806314], [28.87069515202471, 41.11851654725244], [28.87070282348039, 41.11878664450374], [28.8708218778642, 41.11878471063599], [28.870824435201786, 41.118874743043925], [28.87058632609756, 41.11887861066866], [28.870591440157465, 41.119058675504256], [28.869996165568942, 41.119068342475316]]]}, "properties": {"class_code": 2, "class_name": "water_loss", "area_ha": 0.32}}, {"type": "Feature", "geometry": {"type": "Polygon", "coordinates": [[[28.876295802174514, 41.118605587679355], [28.876285543085135, 41.11824545914891], [28.87676175511791, 41.118237699947464], [28.876769451367565, 41.11850779627427], [28.8766503978893, 41.11850973627739], [28.876652963166606, 41.11859976838936], [28.876295802174514, 41.118605587679355]]]}, "properties": {"class_code": 2, "class_name": "water_loss", "area_ha": 0.15}}, {"type": "Feature", "geometry": {"type": "Polygon", "coordinates": [[[28.92033961247777, 41.117699468106935], [28.920336987588392, 41.11760943826123], [28.920932231649438, 41.117599511476705], [28.92092960595955, 41.11750948166073], [28.92104865457358, 41.117507495941275], [28.921051280425942, 41.11759752575099], [28.920932231649438, 41.117599511476705], [28.92093485735122, 41.11768954129113], [28.92033961247777, 41.117699468106935]]]}, "properties": {"class_code": 2, "class_name": "water_loss", "area_ha": 0.06}}, {"type": "Feature", "geometry": {"type": "Polygon", "coordinates": [[[28.917270541644214, 41.118651338002046], [28.917267920860624, 41.11856130800935], [28.917148870078744, 41.118563289863516], [28.917146249469525, 41.11847325986302], [28.917027198838255, 41.118475241588015], [28.91701671717011, 41.118115121545586], [28.916897667176926, 41.11811710312265], [28.916892426739096, 41.11793704307965], [28.916773377059002, 41.11793902452129], [28.916768136993653, 41.11775896445962], [28.916649087626656, 41.11776094576584], [28.916641228105153, 41.11749085564298], [28.9167602769847, 41.11748887435547], [28.916768136993653, 41.11775896445962], [28.91688718634877, 41.11775698303046], [28.91688980653799, 41.11784701305583], [28.91700885604372, 41.11784503149748], [28.91701671717011, 41.118115121545586], [28.91713576715142, 41.11811313984557], [28.917141008286713, 41.11829319985739], [28.917260058581125, 41.11829121802195], [28.91726530008891, 41.1184712780151], [28.9176224518758, 41.118465331733674], [28.91762769440605, 41.11864539168315], [28.917270541644214, 41.118651338002046]]]}, "properties": {"class_code": 2, "class_name": "water_loss", "area_ha": 0.21}}, {"type": "Feature", "geometry": {"type": "Polygon", "coordinates": [[[28.8783094429392, 41.11821246895692], [28.878301740456607, 41.11794237285471], [28.87865889744281, 41.11793654742274], [28.87866660138792, 41.11820664346987], [28.8783094429392, 41.11821246895692]]]}, "properties": {"class_code": 2, "class_name": "water_loss", "area_ha": 0.09}}, {"type": "Feature", "geometry": {"type": "Polygon", "coordinates": [[[28.913442596698175, 41.11808448517716], [28.913439981197346, 41.117994454973974], [28.913559031209694, 41.11799247697464], [28.913553799918624, 41.117812416576136], [28.913672849594143, 41.11781043846631], [28.913667618025524, 41.11763037807407], [28.913786667364217, 41.117628399853785], [28.913781435518057, 41.1174483394678], [28.91390048451992, 41.11744636113704], [28.913895252396227, 41.11726630075735], [28.914014301061272, 41.11726432231612], [28.91401953350993, 41.117444382683345], [28.91390048451992, 41.11744636113704], [28.913908332794403, 41.11771645169498], [28.913789283305082, 41.11771843004444], [28.913791899257802, 41.11780846023356], [28.913672849594143, 41.11781043846631], [28.913678081210186, 41.117990498852365], [28.913559031209694, 41.11799247697464], [28.913561646873017, 41.11808250717157], [28.913442596698175, 41.11808448517716]]]}, "properties": {"class_code": 2, "class_name": "water_loss", "area_ha": 0.1}}, {"type": "Feature", "geometry": {"type": "Polygon", "coordinates": [[[28.92104602873311, 41.11741746613001], [28.921043402904548, 41.11732743631719], [28.921162451181708, 41.1173254504873], [28.92115982520257, 41.117235420679194], [28.92127887330534, 41.11723343473264], [28.921276247175626, 41.11714340492924], [28.92139529510402, 41.117141418866005], [28.921397921396217, 41.11723144866315], [28.92127887330534, 41.11723343473264], [28.921281499446962, 41.117323464534486], [28.921162451181708, 41.1173254504873], [28.921165077172752, 41.11741548029388], [28.92104602873311, 41.11741746613001]]]}, "properties": {"class_code": 2, "class_name": "water_loss", "area_ha": 0.03}}, {"type": "Feature", "geometry": {"type": "Polygon", "coordinates": [[[28.921514343020515, 41.117139432679835], [28.921511716577744, 41.11704940288739], [28.921630764319854, 41.11704741658455], [28.921633390925102, 41.11713744637073], [28.921514343020515, 41.117139432679835]]]}, "properties": {"class_code": 2, "class_name": "water_loss", "area_ha": 0.01}}, {"type": "Feature", "geometry": {"type": "Polygon", "coordinates": [[[28.870928144909808, 41.118332614612996], [28.870917915257202, 41.11797248495938], [28.87103696815526, 41.11797055090057], [28.87102673803812, 41.11761042124665], [28.871383894712686, 41.11760461840568], [28.87138901072308, 41.117784683199154], [28.871508063249752, 41.11778274866074], [28.871515737839815, 41.11805284582108], [28.871277631799856, 41.118056714811544], [28.871285305519258, 41.11832681199459], [28.870928144909808, 41.118332614612996]]]}, "properties": {"class_code": 2, "class_name": "water_loss", "area_ha": 0.28}}, {"type": "Feature", "geometry": {"type": "Polygon", "coordinates": [[[28.92162813772652, 41.11695738679683], [28.92162288457555, 41.11677732721672], [28.921741931818328, 41.11677534080971], [28.921747185294237, 41.11695540037731], [28.92162813772652, 41.11695738679683]]]}, "properties": {"class_code": 2, "class_name": "water_loss", "area_ha": 0.02}}, {"type": "Feature", "geometry": {"type": "Polygon", "coordinates": [[[28.91651955955947, 41.11740280675723], [28.91651432028656, 41.117222746652], [28.916395271870712, 41.11722472767489], [28.916390032970263, 41.117044667550964], [28.916151936752865, 41.117048629202976], [28.91614931764541, 41.11695859912621], [28.91591122170548, 41.116962560274], [28.915908602934856, 41.1168725301832], [28.915432411562477, 41.11688045097859], [28.91542979345363, 41.1167904208613], [28.915310745743344, 41.116792400746576], [28.91530812780884, 41.11670237062149], [28.915189080249164, 41.11670435037759], [28.915186462489004, 41.116614320244715], [28.914472177856656, 41.1166261961623], [28.91447479464195, 41.116716226332585], [28.914355746999227, 41.11671820522815], [28.914360980280453, 41.11689826557656], [28.914241932300914, 41.116900244361666], [28.914236699344645, 41.11672018400079], [28.914355746999227, 41.11671820522815], [28.91435313037641, 41.11662817505163], [28.914472177856656, 41.1166261961623], [28.914469561083216, 41.11653616599045], [28.915183844740714, 41.116524290110284], [28.915186462489004, 41.116614320244715], [28.915424557271535, 41.116610360622055], [28.915427175356648, 41.116700390742444], [28.915665270416667, 41.116696430615576], [28.9156678888386, 41.11678646072195], [28.915905984176096, 41.116782500090856], [28.915908602934856, 41.1168725301832], [28.91614669854982, 41.116868569047895], [28.91614931764541, 41.11695859912621], [28.91638741353784, 41.11695463748668], [28.916390032970263, 41.117044667550964], [28.916509081061143, 41.11704268654056], [28.91651432028656, 41.117222746652], [28.91663336869053, 41.11722076550617], [28.91663860828841, 41.117400825598914], [28.91651955955947, 41.11740280675723]]]}, "properties": {"class_code": 2, "class_name": "water_loss", "area_ha": 0.26}}, {"type": "Feature", "geometry": {"type": "Polygon", "coordinates": [[[28.921734051693758, 41.1165052514467], [28.92172354502768, 41.11614513227434], [28.92184259112124, 41.11614314578822], [28.9218530984372, 41.11650326493555], [28.921734051693758, 41.1165052514467]]]}, "properties": {"class_code": 2, "class_name": "water_loss", "area_ha": 0.04}}, {"type": "Feature", "geometry": {"type": "Polygon", "coordinates": [[[28.88958066659607, 41.11667698601359], [28.88957291832803, 41.11640689159068], [28.88993006467501, 41.116401031396116], [28.88993781440541, 41.116671125763624], [28.88958066659607, 41.11667698601359]]]}, "properties": {"class_code": 2, "class_name": "water_loss", "area_ha": 0.09}}, {"type": "Feature", "geometry": {"type": "Polygon", "coordinates": [[[28.88874215804896, 41.11651059259407], [28.88872666858302, 41.11597040345738], [28.889083812738573, 41.115964545936805], [28.889099305129207, 41.116504734962746], [28.88874215804896, 41.11651059259407]]]}, "properties": {"class_code": 2, "class_name": "water_loss", "area_ha": 0.18}}, {"type": "Feature", "geometry": {"type": "Polygon", "coordinates": [[[28.92171041196298, 41.115694983274025], [28.92170253226703, 41.11542489385523], [28.921821577060854, 41.11542290741917], [28.9218294572442, 41.1156929968192], [28.92171041196298, 41.115694983274025]]]}, "properties": {"class_code": 2, "class_name": "water_loss", "area_ha": 0.03}}, {"type": "Feature", "geometry": {"type": "Polygon", "coordinates": [[[28.92158086108226, 41.11533685035272], [28.92157560835989, 41.11515679071683], [28.92169465267823, 41.11515480442249], [28.92169990572552, 41.115334864045856], [28.92158086108226, 41.11533685035272]]]}, "properties": {"class_code": 2, "class_name": "water_loss", "area_ha": 0.02}}, {"type": "Feature", "geometry": {"type": "Polygon", "coordinates": [[[28.924469493357947, 41.1163695009417], [28.924466862948638, 41.116279471293446], [28.924347816792263, 41.11628146049655], [28.92434518655735, 41.11619143084048], [28.923392818176946, 41.11620733998975], [28.923369158296794, 41.11539707256417], [28.92325011365781, 41.11539906059827], [28.923244856362665, 41.11521900114079], [28.923125812036695, 41.115220989039436], [28.923123183569455, 41.11513095930209], [28.923004139394035, 41.11513294707156], [28.923001511101166, 41.115042917326406], [28.922882467076292, 41.11504490496667], [28.9228798389578, 41.114954875213726], [28.92299888282022, 41.11495288757971], [28.923001511101166, 41.115042917326406], [28.92312055511413, 41.1150409295632], [28.923123183569455, 41.11513095930209], [28.923242227732967, 41.115128971409725], [28.923244856362665, 41.11521900114079], [28.923363900676723, 41.115217013119214], [28.923369158296794, 41.11539707256417], [28.923488202923863, 41.11539508440715], [28.923496089930726, 41.11566517354417], [28.92361513503327, 41.115663185245424], [28.923628281095382, 41.11611333374479], [28.924342556334356, 41.11610140118285], [28.92434518655735, 41.11619143084048], [28.92458327853324, 41.116187452323864], [28.92458853966487, 41.1163675116094], [28.924469493357947, 41.1163695009417]]]}, "properties": {"class_code": 2, "class_name": "water_loss", "area_ha": 0.29}}, {"type": "Feature", "geometry": {"type": "Polygon", "coordinates": [[[28.8855226751618, 41.116383198114185], [28.885517520780628, 41.11620313473671], [28.8851603745979, 41.11620898122978], [28.885157797912285, 41.116118949520306], [28.884919700723703, 41.11612284655538], [28.88491197171184, 41.115852751380864], [28.885269116014854, 41.1158469056991], [28.885256232124785, 41.115396747136096], [28.885613373885484, 41.115390900440005], [28.885626260212742, 41.11584105891091], [28.885745308255345, 41.11583910973563], [28.885747885718324, 41.11592914141903], [28.88586693391172, 41.11592719211468], [28.885879822214292, 41.11637735047782], [28.8855226751618, 41.116383198114185]]]}, "properties": {"class_code": 2, "class_name": "water_loss", "area_ha": 0.5}}, {"type": "Feature", "geometry": {"type": "Polygon", "coordinates": [[[28.89101959618839, 41.117013663955085], [28.891017011423976, 41.116923632562376], [28.89089796178386, 41.116925587226895], [28.89089020804837, 41.11665549302107], [28.890771158883997, 41.11665744754418], [28.89076857449142, 41.11656741613299], [28.890649525477816, 41.11656937052699], [28.89064694125944, 41.116479339108075], [28.890408843522064, 41.11648324751497], [28.890406259640365, 41.116393216082216], [28.890287210916593, 41.116395170095096], [28.89028462720909, 41.116305138654646], [28.890165578636093, 41.116307092538435], [28.890160411581185, 41.11612702964056], [28.889803266766815, 41.11613289051735], [28.88980068374438, 41.116042859047624], [28.889681635611986, 41.1160448124212], [28.889671304289227, 41.115684686502256], [28.889552256795046, 41.11568663972827], [28.889549674156104, 41.115596608238505], [28.889311579457576, 41.11560051430941], [28.8893089971553, 41.11551048280581], [28.88918994995095, 41.115512435650714], [28.88918220360177, 41.115242341112165], [28.8896583903992, 41.11523452906879], [28.889660973153795, 41.11532456055856], [28.889899066807217, 41.115320653786966], [28.88990164989847, 41.11541068526291], [28.890258790778212, 41.11540482416504], [28.890256207199542, 41.11531479270758], [28.89061334748646, 41.11530893052178], [28.89061851563038, 41.115488993398216], [28.891213750832396, 41.11547922056829], [28.891221505573277, 41.115749314778974], [28.891102458068875, 41.115751269609305], [28.891120551737014, 41.11638148942323], [28.89123960037879, 41.11637953454979], [28.89124994052543, 41.11673966009912], [28.89136898980542, 41.116737705078094], [28.89137674552591, 41.11700779920538], [28.89101959618839, 41.117013663955085]], [[28.89028462720909, 41.116305138654646], [28.89076082138397, 41.116297321890116], [28.890750484071383, 41.11593719621134], [28.890393340407567, 41.11594305889525], [28.8903959242307, 41.11603309033573], [28.890276876156857, 41.116035044323986], [28.89028462720909, 41.116305138654646]]]}, "properties": {"class_code": 2, "class_name": "water_loss", "area_ha": 1.53}}, {"type": "Feature", "geometry": {"type": "Polygon", "coordinates": [[[28.87492213940529, 41.11637611020833], [28.87490420066685, 41.11574588452335], [28.8747851520516, 41.115747822492914], [28.874780027127276, 41.115567757985396], [28.874660978825382, 41.115569695819794], [28.87465841654312, 41.11547966355762], [28.874777464682538, 41.11547772572932], [28.87477490224941, 41.115387693471696], [28.87525109404098, 41.11537994095355], [28.8752562202187, 41.11556000541839], [28.87537526846251, 41.115558066969285], [28.87538808492256, 41.116008228073845], [28.875269035866324, 41.11601016655347], [28.875279288593557, 41.11637029543377], [28.87492213940529, 41.11637611020833]]]}, "properties": {"class_code": 2, "class_name": "water_loss", "area_ha": 0.43}}, {"type": "Feature", "geometry": {"type": "Polygon", "coordinates": [[[28.922758167139353, 41.11486683296403], [28.92275553920715, 41.114776803201714], [28.922636495645826, 41.11477879057735], [28.922631240142067, 41.11459873103554], [28.92251219689374, 41.114600718275724], [28.922509569322187, 41.11451068849621], [28.92239052622441, 41.11451267560722], [28.92238789882723, 41.11442264581993], [28.92226885588, 41.114424632801736], [28.922266228657172, 41.114334603006625], [28.92179005739901, 41.11434254967963], [28.92179268397202, 41.11443257949978], [28.921673640965253, 41.11443456586697], [28.921678893822065, 41.11461462551516], [28.921559850478484, 41.11461661177196], [28.92155459794659, 41.11443655211126], [28.921673640965253, 41.11443456586697], [28.921671014554708, 41.11434453604057], [28.92179005739901, 41.11434254967963], [28.921787430837913, 41.11425251985792], [28.922263601446254, 41.11424457320996], [28.922266228657172, 41.114334603006625], [28.922385271441943, 41.11433261603108], [28.92238789882723, 41.11442264581993], [28.92250694176254, 41.11442065871518], [28.922509569322187, 41.11451068849621], [28.922628612408047, 41.114508701262295], [28.922631240142067, 41.11459873103554], [28.92275028337847, 41.114596743672436], [28.922752911286853, 41.114686773437846], [28.92287195467381, 41.11468478594555], [28.922877210851226, 41.114864845459216], [28.922758167139353, 41.11486683296403]]]}, "properties": {"class_code": 2, "class_name": "water_loss", "area_ha": 0.14}}, {"type": "Feature", "geometry": {"type": "Polygon", "coordinates": [[[28.87703424609473, 41.11526081934888], [28.877031680597717, 41.115170787204256], [28.87715072801725, 41.11516884693555], [28.87714303110856, 41.11489875051078], [28.87666684331041, 41.11490651077463], [28.87667197327142, 41.11508657510827], [28.876552925967857, 41.11508851487912], [28.876534972445118, 41.11445828964161], [28.87701115704028, 41.11445052999175], [28.877013722444257, 41.11454056214872], [28.877132768726455, 41.1145386219228], [28.87714046549559, 41.1148087183661], [28.877616652457757, 41.114800956159755], [28.877629483888455, 41.11525111674541], [28.87703424609473, 41.11526081934888]]]}, "properties": {"class_code": 2, "class_name": "water_loss", "area_ha": 0.47}}, {"type": "Feature", "geometry": {"type": "Polygon", "coordinates": [[[28.887127456424754, 41.114195140805016], [28.887124877234143, 41.11410510916598], [28.88736296682978, 41.11410120772974], [28.887365546345325, 41.114191239356465], [28.887127456424754, 41.114195140805016]]]}, "properties": {"class_code": 2, "class_name": "water_loss", "area_ha": 0.02}}, {"type": "Feature", "geometry": {"type": "Polygon", "coordinates": [[[28.900306790089257, 41.129290966735404], [28.900298994396767, 41.129020874582125], [28.90041806524888, 41.129018909732466], [28.90041286785429, 41.128838848301584], [28.90053193836945, 41.12883688334132], [28.90052674069682, 41.12865682191663], [28.900645810875044, 41.128654856845756], [28.900643211893822, 41.12856482613729], [28.900762281897684, 41.12856286094962], [28.90075708364542, 41.128382799540404], [28.90087615331234, 41.12838083424214], [28.900870954782054, 41.128200772839136], [28.900990024112037, 41.12819880743026], [28.900982225917254, 41.12792871533272], [28.901101294747725, 41.12792674981944], [28.901098695210464, 41.127836719123366], [28.90121776386658, 41.12783475349329], [28.90121256450225, 41.12765469210888], [28.90133163282143, 41.1276527263682], [28.90132903299438, 41.12756269567986], [28.901448101139206, 41.1275607298224], [28.901440301241035, 41.1272906377667], [28.901559368886364, 41.12728867180484], [28.901556768781308, 41.12719864112271], [28.901675836252284, 41.12719667504405], [28.901673235996455, 41.12710664436656], [28.90179230329307, 41.12710467817112], [28.90178970288646, 41.12701464749829], [28.902027837119203, 41.12701071475085], [28.902025236399243, 41.12692068408886], [28.902144303335366, 41.12691871753686], [28.902139101605695, 41.12673865622062], [28.902258168204895, 41.12673668955804], [28.90225556719518, 41.1266466589038], [28.90237463362002, 41.12664469212443], [28.90237203245954, 41.12655466147484], [28.90261016494873, 41.12655072755956], [28.902607563474902, 41.12646069692081], [28.90272662953925, 41.1264587297849], [28.902724027914665, 41.12636869915081], [28.90284309380465, 41.12636673189812], [28.902840492029295, 41.12627670126868], [28.90295955774493, 41.12627473389922], [28.90295695581881, 41.12618470327442], [28.903076021360093, 41.12618273578816], [28.903073419283206, 41.12609270516803], [28.903192484650134, 41.126090737565], [28.903189882422485, 41.12600070694951], [28.903428012795832, 41.12599677138694], [28.903425410254865, 41.12590674078229], [28.903663540255902, 41.12590280474019], [28.90366093740163, 41.125812774146425], [28.903899067030355, 41.12580883762483], [28.903896463862765, 41.125718807041906], [28.90401552849687, 41.12571683860285], [28.904012925178524, 41.12562680802457], [28.904251054086227, 41.12562287078995], [28.90424845045458, 41.125532840222526], [28.90448657898996, 41.12552890250839], [28.90448397504501, 41.12543887195184], [28.904722103208073, 41.12543493375822], [28.904719498949813, 41.12534490321252], [28.904957626740554, 41.125340964539426], [28.904955022168995, 41.1252509340046], [28.905193149587404, 41.12524699485201], [28.90519054470256, 41.125156964328056], [28.905547735253954, 41.12515105469549], [28.90554512989327, 41.1250610241886], [28.905783256543383, 41.125057083831116], [28.905780650869403, 41.12496705333508], [28.905899714014197, 41.124965082978086], [28.905897108189485, 41.124875052486715], [28.906016171159916, 41.12487308201296], [28.906013565184473, 41.12478305152626], [28.90613262798054, 41.12478108093575], [28.906130021854366, 41.124691050453684], [28.906249084476077, 41.12468907974641], [28.90624647819917, 41.124599049269015], [28.906365540646515, 41.12459707844497], [28.906347295901153, 41.1239668651034], [28.906228234591605, 41.12396883588397], [28.90622562840921, 41.123878805394206], [28.90610656725038, 41.12388077604561], [28.906103961242337, 41.12379074554808], [28.905984900234234, 41.1237927160703], [28.90598229440055, 41.12370268556503], [28.90574417267398, 41.12370662622815], [28.905741567177177, 41.123616595708896], [28.905503445728442, 41.123620535867744], [28.905500840568525, 41.12353050533454], [28.905381779988982, 41.12353247522331], [28.90537917500341, 41.123442444682354], [28.90526011457459, 41.12344441444195], [28.905257509763363, 41.123354383893236], [28.905138449485275, 41.12335635352367], [28.905135844848388, 41.12326632296718], [28.905016784721028, 41.123268292468445], [28.905011575807748, 41.123088231338464], [28.904892515993645, 41.12309020070434], [28.904882098958883, 41.12273007840097], [28.904763039783102, 41.12273204761906], [28.904757831661612, 41.12255198644568], [28.904638772799085, 41.12255395552841], [28.904633565049867, 41.12237389433644], [28.9045145065006, 41.12237586328381], [28.904511902806217, 41.12228583267929], [28.904392844407674, 41.122287801497485], [28.904390240887626, 41.12219777088522], [28.904152124380186, 41.122201708140324], [28.904149521196988, 41.122111677514106], [28.903435172366628, 41.12212348629116], [28.903437774574666, 41.12221351695458], [28.902604365931523, 41.12222728830987], [28.90260176486117, 41.12213725760306], [28.902244590039096, 41.122143157749456], [28.902241989468116, 41.12205312702252], [28.90212293133304, 41.122055093485876], [28.902115130178387, 41.12178500127715], [28.902353245461605, 41.12178106826465], [28.902350644775247, 41.12169103753771], [28.90258875968626, 41.12168710404578], [28.90258615868665, 41.12159707332969], [28.90270521596195, 41.121595106405486], [28.902702614811606, 41.12150507569404], [28.903059786079197, 41.12149917420227], [28.903057184453086, 41.121409143507876], [28.903771525694694, 41.12139733724169], [28.903768923105257, 41.12130730658293], [28.90424514971364, 41.12129943330448], [28.90424775295315, 41.121389463938435], [28.904485866511585, 41.12138552654906], [28.904488470087934, 41.12147555716904], [28.904726583924198, 41.12147161927543], [28.904729187837393, 41.121561649881464], [28.905086358990822, 41.12155574210028], [28.905088963403383, 41.121645772686136], [28.905208020593435, 41.12164380317362], [28.905210625180324, 41.12173383375174], [28.90544873985005, 41.12172989434542], [28.905453949709347, 41.121909955472184], [28.905692064981928, 41.12190601554921], [28.90569727553855, 41.12208607664497], [28.905816333482175, 41.12208410648662], [28.905821544411083, 41.122264167563756], [28.90594060266795, 41.12226219727004], [28.905943208312653, 41.122352227800086], [28.90606226672023, 41.1223502573772], [28.906064872539268, 41.12244028789949], [28.906660165212603, 41.1224304339096], [28.90665755858093, 41.12234040341837], [28.906776616917625, 41.12233843225773], [28.90676879660593, 41.12206834079335], [28.906887854443237, 41.12206636952836], [28.906880033750323, 41.12179627806869], [28.906999091088235, 41.12179430669939], [28.906954773074467, 41.12026378827042], [28.907073827637806, 41.12026181688376], [28.907066006678832, 41.1199917253685], [28.90718506074283, 41.11998975387751], [28.907179846504253, 41.11980969287202], [28.907298900231414, 41.119807721270526], [28.907293685715107, 41.11962766027127], [28.907412739105443, 41.11962568855924], [28.90741013170251, 41.1195356580635], [28.90752918491852, 41.11953368623474], [28.907523969823114, 41.11935362525104], [28.9076430227023, 41.11935165331176], [28.907640415009826, 41.1192616228238], [28.90775946771469, 41.11925965076779], [28.907754252040203, 41.11907958979967], [28.907873304408245, 41.11907761763313], [28.907870696426226, 41.118987587152944], [28.907989748619954, 41.118985614869686], [28.907987140487265, 41.118895584394174], [28.908106192506665, 41.11889361199418], [28.908103584223305, 41.118803581523345], [28.908222636068388, 41.11880160900662], [28.90822002763435, 41.11871157854044], [28.908339079305115, 41.118709605906986], [28.9083364707204, 41.118619575445486], [28.90857457370146, 41.11861562982217], [28.908571964803585, 41.11852559937155], [28.908691016113885, 41.118523626381695], [28.908688407065345, 41.11843359593574], [28.908926509325465, 41.11842964959963], [28.90892129061389, 41.118249588727956], [28.90927844294041, 41.11824366833903], [28.909275833114886, 41.11815363791952], [28.90939488370424, 41.11815166421688], [28.909389663763704, 41.11797160338566], [28.909746814485842, 41.11796568157741], [28.909744204045854, 41.11787565117813], [28.90986325410041, 41.11787367700239], [28.909860643509766, 41.11778364660779], [28.909979693390007, 41.117781672315324], [28.90997447191924, 41.11760161153393], [28.91009352146267, 41.117599637130965], [28.91008829971428, 41.11741957635581], [28.9102073489209, 41.11741760184235], [28.91019690491619, 41.117057480298335], [28.91031595346104, 41.11705550568683], [28.910305508995773, 41.116695384142936], [28.910186461100846, 41.11669735872957], [28.910176017474857, 41.116337237136015], [28.910056970217997, 41.11633921157482], [28.910046527431266, 41.11597908993163], [28.90992748081247, 41.1159810642226], [28.90992225981505, 41.115801003379275], [28.909803213509374, 41.11580297753489], [28.909800603190885, 41.11571294710468], [28.90968155703584, 41.115714921131136], [28.90967372663878, 41.115444829812574], [28.90991181796221, 41.11544088167403], [28.90990920752858, 41.11535085124386], [28.91014729847975, 41.115346902626044], [28.910144687733016, 41.11525687220676], [28.910382778311913, 41.11525292310966], [28.91038016725208, 41.11516289270127], [28.91049921236131, 41.115160917974556], [28.910496601150843, 41.115070887570845], [28.91061564608577, 41.11506891272742], [28.910592144262075, 41.1142586390803], [28.910711187723006, 41.11425666416996], [28.9107059649008, 41.1140766033549], [28.911896395609794, 41.11405684761512], [28.911893782591886, 41.11396681726752], [28.912012825435195, 41.113964841023694], [28.912010212266676, 41.11387481068076], [28.912248297592853, 41.11387085783679], [28.912245684111262, 41.11378082750476], [28.912602811524312, 41.113774897335574], [28.912600197567212, 41.113684867020694], [28.9128382821251, 41.11368091297242], [28.912835667854935, 41.11359088266845], [28.912954709953656, 41.11358890546616], [28.91295209553289, 41.11349887516686], [28.91497580663566, 41.113465244026955], [28.914978423818102, 41.11355527422028], [28.913788004312813, 41.113575061608316], [28.913790619882597, 41.11366509186244], [28.91331445109867, 41.113673003400784], [28.913317066030498, 41.11376303367829], [28.912602811524312, 41.113774897335574], [28.91260542549327, 41.11386492764892], [28.912367340238166, 41.113868881230424], [28.91236995389406, 41.113958911554654], [28.912131868266663, 41.11396286465693], [28.912134481609485, 41.11405289499208], [28.912015438615562, 41.11405487136505], [28.91201805180778, 41.1141449017049], [28.911779965459488, 41.11414885409454], [28.911782578338627, 41.114238884445264], [28.911544491618038, 41.114242836355665], [28.911547104184113, 41.114332866717305], [28.911070929951006, 41.11434076908791], [28.91107354187908, 41.114430799472906], [28.910954498128742, 41.11443277476446], [28.910967557134395, 41.1148829266973], [28.910848512559912, 41.11488490189706], [28.91085634761797, 41.11515499305684], [28.910737302544256, 41.11515696815234], [28.910742525650555, 41.115337028930256], [28.910623480240066, 41.11533900391527], [28.9106260916485, 41.11542903430812], [28.91050704606371, 41.115431009176426], [28.910509657321512, 41.115521039573956], [28.910390611562416, 41.11552301432555], [28.910393222669587, 41.11561304472775], [28.910274176736188, 41.11561501936265], [28.910279398661096, 41.11579508017484], [28.910160352390914, 41.11579705469925], [28.91016818487963, 41.1160671459246], [28.91028723163723, 41.116065171381514], [28.910292453680494, 41.11624523217825], [28.910411500751202, 41.1162432574998], [28.910419334392298, 41.1165133486646], [28.9105383819386, 41.116511373844546], [28.91056449646975, 41.117411677564334], [28.91044544729864, 41.117413652446615], [28.91044805865437, 41.11750368281629], [28.910329009308935, 41.11750565758185], [28.910331620514025, 41.117595687956225], [28.910212570994265, 41.11759766260506], [28.910217793114974, 41.11777772336158], [28.910098743258406, 41.11777969789993], [28.910101354174024, 41.11786972828208], [28.90998230414314, 41.11787170270371], [28.9099849149081, 41.11796173309054], [28.909746814485842, 41.11796568157741], [28.909749424937665, 41.11805571197514], [28.909630374546293, 41.11805768604039], [28.909632984847455, 41.11814771644278], [28.909513934281765, 41.1181496903913], [28.90951654443227, 41.11823972079837], [28.90927844294041, 41.11824366833903], [28.909281052777757, 41.11833369875699], [28.909162001851588, 41.11833567234912], [28.90916461153828, 41.11842570277175], [28.908926509325465, 41.11842964959963], [28.908929118698996, 41.11851968003315], [28.908810067412357, 41.11852165326889], [28.908812676635215, 41.11861168370708], [28.908693625174255, 41.1186136568261], [28.908696234246452, 41.11870368726895], [28.90845813096405, 41.11870763315058], [28.90846073972308, 41.118797663604326], [28.908341687901647, 41.118799636366944], [28.908344296510002, 41.11888966682535], [28.90822524451425, 41.118891639471244], [28.908230461441445, 41.11907170039584], [28.908111409108866, 41.119073672931215], [28.908114017427703, 41.11916370339741], [28.907994964920796, 41.11916567581605], [28.90799757308896, 41.11925570628691], [28.90775946771469, 41.11925965076779], [28.907762075569668, 41.119349681249524], [28.9076430227023, 41.11935165331176], [28.907648238122718, 41.119531714283035], [28.90752918491852, 41.11953368623474], [28.907531792483955, 41.11962371672427], [28.907412739105443, 41.11962568855924], [28.90741795394676, 41.11980574954607], [28.907298900231414, 41.119807721270526], [28.90730672209453, 41.1200778127578], [28.907187667879843, 41.12007978437794], [28.907192882189324, 41.12025984537414], [28.907073827637806, 41.12026181688376], [28.90713379185681, 41.122332518038014], [28.90701473355557, 41.12233448956754], [28.907017340674816, 41.12242452004015], [28.906898282199233, 41.122426491452934], [28.90690088916777, 41.122516521930194], [28.90666277185609, 41.1225204643993], [28.906665378511395, 41.12261049488744], [28.906070084212775, 41.12262034893942], [28.906067478370115, 41.12253031842023], [28.905591243368708, 41.12253819942367], [28.905593848561256, 41.12262822996769], [28.90547478961885, 41.12263019991736], [28.90547739466068, 41.12272023046604], [28.90535833554393, 41.122722200298945], [28.905360940435035, 41.122812230852304], [28.905241881143954, 41.12281420056845], [28.90525230017633, 41.12317432279116], [28.90537136011754, 41.12317235305019], [28.905376570029645, 41.12335241413985], [28.905495630284115, 41.123350444263494], [28.90549823542042, 41.123440474799786], [28.905617295825618, 41.123438504794265], [28.90561990113626, 41.12352853532281], [28.9058580222363, 41.12352459493044], [28.905860627883825, 41.12361462544503], [28.906098749261695, 41.12361068454838], [28.90610135524611, 41.123700715049004], [28.90622041607986, 41.123698744410035], [28.906223022238628, 41.12378877490289], [28.90646114419576, 41.123784833243626], [28.906463750691422, 41.12387486372251], [28.906582811814808, 41.12387289270222], [28.906588025166645, 41.124052953642945], [28.906707086603294, 41.12405098248725], [28.90671751409894, 41.1244111043253], [28.906598452012126, 41.12441307550583], [28.906606272270313, 41.12468316688675], [28.90648720968405, 41.12468513796294], [28.90648981629787, 41.12477516842635], [28.906370753537242, 41.12477713938579], [28.90637336000033, 41.124867169853864], [28.906254297065338, 41.12486914069653], [28.90625690337769, 41.12495917116929], [28.906137840268343, 41.12496114189519], [28.906140446429962, 41.125051172372594], [28.90590231985072, 41.1250551134679], [28.905904925699055, 41.12514514395619], [28.90566679874747, 41.12514908457204], [28.905669404282513, 41.12523911507117], [28.90543127695858, 41.12524305520754], [28.90543388218034, 41.12533308571754], [28.905076690618213, 41.12533899501842], [28.90507929536412, 41.12542902554549], [28.904841167271893, 41.12543296447696], [28.904843771704506, 41.125522995014904], [28.90460564323995, 41.12552693346688], [28.904608247359267, 41.12561696401567], [28.904370118522376, 41.125620901988164], [28.90437272232839, 41.125710932547825], [28.904253657729686, 41.12571290135581], [28.90425626138494, 41.12580293192013], [28.90401813182702, 41.12580686917958], [28.90402073516897, 41.12589689975474], [28.903782605238725, 41.12590083653469], [28.903785208267365, 41.125990867120734], [28.903547077964806, 41.12599480342117], [28.90354968068013, 41.126084834018066], [28.90343061534859, 41.12608680199002], [28.903433217913154, 41.126176832591554], [28.903195086889575, 41.12618076817894], [28.90319768914081, 41.126270798791346], [28.90307862344877, 41.126272766406764], [28.903081225549247, 41.126362797023816], [28.90284309380465, 41.12636673189812], [28.902848297390747, 41.12654679315237], [28.90261016494873, 41.12655072755956], [28.90261276643434, 41.12664075819677], [28.902493700033077, 41.12664272522209], [28.90249630136792, 41.126732755863934], [28.902377234792304, 41.126734722772476], [28.90237983597637, 41.12682475341897], [28.9022607692264, 41.126826720210744], [28.902263370259693, 41.12691675086189], [28.902144303335366, 41.12691871753686], [28.902146904217886, 41.127008748192665], [28.902027837119203, 41.12701071475085], [28.902030437850946, 41.127100745411305], [28.901911370577903, 41.1271027118527], [28.90191397115887, 41.12719274251779], [28.901794903711476, 41.12719470884242], [28.901797504141665, 41.12728473951216], [28.901678436519905, 41.12728670571998], [28.901683637090514, 41.12746676706724], [28.90156456913183, 41.12746873316448], [28.901567169272248, 41.12755876384197], [28.901448101139206, 41.1275607298224], [28.901453301130246, 41.12774079118514], [28.901334232660275, 41.12774275705499], [28.901336832510907, 41.12783278774023], [28.90121776386658, 41.12783475349329], [28.901222963278045, 41.12801481487151], [28.90110389429678, 41.128016780513995], [28.901109093430236, 41.12819684189841], [28.900990024112037, 41.12819880743026], [28.900997822412876, 41.12846889951388], [28.90087875259516, 41.12847086494133], [28.90088135188976, 41.12856089563896], [28.900762281897684, 41.12856286094962], [28.900770079364438, 41.12883295305182], [28.90065100887284, 41.128834918258065], [28.900653607889407, 41.1289249489619], [28.900534537223443, 41.12892691405135], [28.900542333856098, 41.129197006172134], [28.900423262690595, 41.12919897115716], [28.900425861429124, 41.12928900186718], [28.900306790089257, 41.129290966735404]]]}, "properties": {"class_code": 2, "class_name": "water_loss", "area_ha": 7.13}}, {"type": "Feature", "geometry": {"type": "Polygon", "coordinates": [[[28.917615688179954, 41.1141419090474], [28.917613067340454, 41.114051879002226], [28.917494024729738, 41.11405386103588], [28.917491404064574, 41.11396383098292], [28.917253319132413, 41.11396779466898], [28.917250698804033, 41.113877764601966], [28.917131656482592, 41.113879746254376], [28.917129036328543, 41.11378971617958], [28.91689095197493, 41.11379367910314], [28.916888332157665, 41.11370364901428], [28.916650248081464, 41.11370761143368], [28.916647628600973, 41.11361758133082], [28.91640954480218, 41.11362154324603], [28.916406925658464, 41.11353151312914], [28.91557363312593, 41.11354537591675], [28.915571015131235, 41.1134553457546], [28.915094848358507, 41.113463264618325], [28.915092231025483, 41.1133732344297], [28.91556839714841, 41.11336531559093], [28.915571015131235, 41.1134553457546], [28.916642389675605, 41.113437521120424], [28.91664500913235, 41.1135275512264], [28.916883092558745, 41.113523588831974], [28.91688571235227, 41.11361361892391], [28.9170047542101, 41.113611637536074], [28.917007374177953, 41.11370166762023], [28.9172454581829, 41.113697704463306], [28.917248078487525, 41.11378773453341], [28.917367120634637, 41.113785752764336], [28.917369741113596, 41.113875782826646], [28.91760782569709, 41.11387181890722], [28.91761044651283, 41.1139618489555], [28.917967573786328, 41.11395590213573], [28.917964952483228, 41.11386587210619], [28.918203036947915, 41.11386190695757], [28.91820041533179, 41.113771876938976], [28.918319457383852, 41.113769894186525], [28.91830634866922, 41.11331974410156], [28.918425389897152, 41.113317761257434], [28.91842014616959, 41.1131377012251], [28.91853918706074, 41.11313571827055], [28.9185444311132, 41.113315778290385], [28.918425389897152, 41.113317761257434], [28.91844112136507, 41.11385794131725], [28.91832207916243, 41.11385992419887], [28.918327322755243, 41.11403998421891], [28.918208280215815, 41.1140419669901], [28.918210901867585, 41.114131997004044], [28.917615688179954, 41.1141419090474]]]}, "properties": {"class_code": 2, "class_name": "water_loss", "area_ha": 0.52}}, {"type": "Feature", "geometry": {"type": "Polygon", "coordinates": [[[28.91853656505234, 41.113045688258296], [28.918531321071196, 41.112865628229166], [28.918650361463126, 41.112863645170435], [28.918647739327934, 41.112773615159796], [28.91876677954554, 41.1127716319844], [28.91877202415269, 41.11295169199165], [28.9186529836102, 41.11295367517955], [28.918655605769164, 41.113043705187074], [28.91853656505234, 41.113045688258296]]]}, "properties": {"class_code": 2, "class_name": "water_loss", "area_ha": 0.04}}, {"type": "Feature", "geometry": {"type": "Polygon", "coordinates": [[[28.887476852289115, 41.11391919358142], [28.887474272646184, 41.11382916195618], [28.88723618404872, 41.11383306360142], [28.887225866893615, 41.11347293703592], [28.887344910548343, 41.11347098629935], [28.88733459293046, 41.113110859733716], [28.887929807779514, 41.113101104329935], [28.887932387978744, 41.113191135942934], [28.8884085602973, 41.11318332938267], [28.88840597944824, 41.113093297794286], [28.888525022336182, 41.11309134585306], [28.888527603347693, 41.1131813774353], [28.8884085602973, 41.11318332938267], [28.888413722030503, 41.11336339255482], [28.887818504978476, 41.113373150509325], [28.887833985585, 41.113913340173156], [28.887476852289115, 41.11391919358142]]]}, "properties": {"class_code": 2, "class_name": "water_loss", "area_ha": 0.51}}, {"type": "Feature", "geometry": {"type": "Polygon", "coordinates": [[[28.89138721796792, 41.11322452525389], [28.89137687834941, 41.11286439951277], [28.891495920619732, 41.11286244451075], [28.891506260888075, 41.11322257022725], [28.89138721796792, 41.11322452525389]]]}, "properties": {"class_code": 2, "class_name": "water_loss", "area_ha": 0.04}}, {"type": "Feature", "geometry": {"type": "Polygon", "coordinates": [[[28.892091131795592, 41.1128526676569], [28.892088545945526, 41.1127626362547], [28.892207587983084, 41.11276068052133], [28.892210173995604, 41.11285071191735], [28.892091131795592, 41.1128526676569]]]}, "properties": {"class_code": 2, "class_name": "water_loss", "area_ha": 0.01}}, {"type": "Feature", "geometry": {"type": "Polygon", "coordinates": [[[28.918764157259783, 41.11268160197846], [28.918758912723945, 41.11250154196193], [28.918877952442333, 41.11249955868237], [28.918872707629156, 41.11231949867214], [28.91899174701078, 41.112317515282164], [28.918983879392844, 41.11204742527395], [28.919102918275264, 41.112045441779806], [28.91910029559729, 41.11195541178021], [28.919219334305385, 41.11195342816941], [28.919224579998094, 41.11213348815453], [28.919105540965127, 41.11213547177784], [28.919110786380518, 41.11231553176926], [28.91899174701078, 41.112317515282164], [28.918996992148838, 41.11249757527989], [28.918877952442333, 41.11249955868237], [28.918883197303064, 41.1126796186864], [28.918764157259783, 41.11268160197846]]]}, "properties": {"class_code": 2, "class_name": "water_loss", "area_ha": 0.09}}, {"type": "Feature", "geometry": {"type": "Polygon", "coordinates": [[[28.889112491199167, 41.11281148963936], [28.889102164161418, 41.112451363399444], [28.889459289167956, 41.11244550512356], [28.88945412474458, 41.11226544203126], [28.88957316606512, 41.1122634890391], [28.889586078023587, 41.11271364672751], [28.88934799374629, 41.11271755265045], [28.889350575848194, 41.11280758419581], [28.889112491199167, 41.11281148963936]]]}, "properties": {"class_code": 2, "class_name": "water_loss", "area_ha": 0.16}}, {"type": "Feature", "geometry": {"type": "Polygon", "coordinates": [[[28.886128696026873, 41.11259017105841], [28.886120963020264, 41.1123200759058], [28.88647808792916, 41.11231422688594], [28.88647293167513, 41.112134163480015], [28.886591972963156, 41.11213221357316], [28.886594551246773, 41.11222224527075], [28.886713592685567, 41.11222029523485], [28.886718749612772, 41.11240035861311], [28.88683779136478, 41.11239840844198], [28.88684294866364, 41.11257847180178], [28.886128696026873, 41.11259017105841]]]}, "properties": {"class_code": 2, "class_name": "water_loss", "area_ha": 0.2}}, {"type": "Feature", "geometry": {"type": "Polygon", "coordinates": [[[28.886348734493033, 41.111956049839534], [28.88634615656937, 41.11186601812501], [28.88646519738173, 41.11186406835952], [28.886467775467846, 41.11195410006789], [28.886348734493033, 41.111956049839534]]]}, "properties": {"class_code": 2, "class_name": "water_loss", "area_ha": 0.01}}, {"type": "Feature", "geometry": {"type": "Polygon", "coordinates": [[[28.928342227445654, 41.11846648760905], [28.928339591550586, 41.11837645819876], [28.9281014921908, 41.11838044465099], [28.928096221086452, 41.11820038580067], [28.927977171713614, 41.11820237882982], [28.92797190098202, 41.11802231996073], [28.927852851922193, 41.118024312854374], [28.927850216736797, 41.117934283411245], [28.92773116782752, 41.117936276175676], [28.927728532816545, 41.11784624672469], [28.927490435287112, 41.1178502318722], [28.927487800613047, 41.117760202407126], [28.927249703360808, 41.11776418705033], [28.927247069023654, 41.11767415757112], [28.927128020542096, 41.11767614970205], [28.927125386379362, 41.11758612021504], [28.926887289705398, 41.11759010409552], [28.926884655879554, 41.117500074594396], [28.926646559482794, 41.117504057970585], [28.926643925993854, 41.11741402845538], [28.92604868560546, 41.11742398471312], [28.92605131828201, 41.11751401425971], [28.925456076782883, 41.11752396747545], [28.925453444918734, 41.11743393789751], [28.925334396745594, 41.11743592816558], [28.92532913337804, 41.11725586899248], [28.925210085517925, 41.117257859125075], [28.925207454014522, 41.11716782952993], [28.92508840630496, 41.11716981953334], [28.925080512353734, 41.11689973071979], [28.924961465119672, 41.11690172058144], [28.92495883398893, 41.11681169096755], [28.924839786905416, 41.116813680700005], [28.92483715594907, 41.11672365107829], [28.924718109016105, 41.11672564068154], [28.92471284746414, 41.11654558142095], [28.9245938008442, 41.11654757088873], [28.924591170248572, 41.11645754124983], [28.924710216706043, 41.11645555178833], [28.92471284746414, 41.11654558142095], [28.92483189407216, 41.11654359183025], [28.924834525004652, 41.11663362145505], [28.92495357176322, 41.11663163173514], [28.924956202870106, 41.11672166135212], [28.925075249779226, 41.11671967150301], [28.925077881060517, 41.116809701112174], [28.925196928120172, 41.11680771113386], [28.92519955957587, 41.11689774073521], [28.925318606786075, 41.116895750627705], [28.9253238700582, 41.11707580981319], [28.925442917581424, 41.1170738195702], [28.925445549397857, 41.117163849154345], [28.925564597071634, 41.11716185878215], [28.92556722906247, 41.11725188835849], [28.925686276886793, 41.11724989785708], [28.92568890905204, 41.117339927425604], [28.927593675217686, 41.11730806258384], [28.92758577095886, 41.11703797417486], [28.92734767633015, 41.11704195896349], [28.927345041926046, 41.11695192947817], [28.92722599475625, 41.116953921681805], [28.92722336052656, 41.11686389218867], [28.926985266476102, 41.1168678762146], [28.9269826325833, 41.11677784670734], [28.92662549190549, 41.11678382180543], [28.926622858512044, 41.1166937922778], [28.926265718214236, 41.11669976625067], [28.926263085320144, 41.11660973670268], [28.92602499205353, 41.11661371872405], [28.926019726951036, 41.11643365959831], [28.925900680624775, 41.11643565041206], [28.92589541589495, 41.116255591267574], [28.9257763698817, 41.116257581945845], [28.92577373769715, 41.11616755236499], [28.925654691834442, 41.116169542914065], [28.92564679583979, 41.115899454143424], [28.92552775045255, 41.115901444550744], [28.92552511864066, 41.11581141495118], [28.925406073403956, 41.1158134052293], [28.92540344176646, 41.1157233756219], [28.925284396680293, 41.11572536577082], [28.925281765217193, 41.11563533615559], [28.92516272028156, 41.11563732617533], [28.925160088992854, 41.11554729655227], [28.925041044207756, 41.115549286442814], [28.925038413093436, 41.11545925681194], [28.92491936845888, 41.115461246573275], [28.924916737518952, 41.11537121693459], [28.924797693034932, 41.11537320656673], [28.92479243151577, 41.115193147272166], [28.924673387344754, 41.11519513676885], [28.92467075676552, 41.115105107112974], [28.92455171274504, 41.11510709648046], [28.924546451947258, 41.11492703715151], [28.92442740823978, 41.11492902638354], [28.92442477802123, 41.11483899671048], [28.92430573446428, 41.114840985813316], [28.924300474387874, 41.114660926450014], [28.92418143114392, 41.11466291541738], [28.924178801286054, 41.114572885727135], [28.924059758192637, 41.11457487456532], [28.924054498837574, 41.11439481516764], [28.923935456057148, 41.11439680387036], [28.923932826559952, 41.11430677416294], [28.92381378393006, 41.114308762736485], [28.923811154607236, 41.11421873302123], [28.92369211212788, 41.11422072146559], [28.923686853842888, 41.11404066201792], [28.92356781167652, 41.11404265032683], [28.923562553764107, 41.11386259086043], [28.92344351191073, 41.11386457903388], [28.92343825437088, 41.113684519548755], [28.923319212830474, 41.113686507586756], [28.92331395566319, 41.1135064480829], [28.923194914435772, 41.11350843598546], [28.923189657641036, 41.113328376462874], [28.923070616726598, 41.11333036422998], [28.923052219457404, 41.11270015580828], [28.923647418224903, 41.112690215962765], [28.92365004718269, 41.112780245710624], [28.923769087062883, 41.11277825736652], [28.92377171619502, 41.112868287106565], [28.92412883625143, 41.11286232131794], [28.924115688273286, 41.1124121726962], [28.924234727456046, 41.1124101838855], [28.92422946802335, 41.112230124438476], [28.92434850686932, 41.11222813551739], [28.924345877008406, 41.112138105797825], [28.92446491568002, 41.11213611676009], [28.924457025681512, 41.11186602761091], [28.923504719873346, 41.11188193632083], [28.923499462532877, 41.111701876780025], [28.9233804245781, 41.11170386480314], [28.92336991068987, 41.111343745677885], [28.92348894799493, 41.11134175767983], [28.92347843364761, 41.11098163855483], [28.923597470291032, 41.11097965045894], [28.923592212864005, 41.11079959089965], [28.923711249170665, 41.11079760269337], [28.923719135816352, 41.11106769201116], [28.923600099022416, 41.111069680236234], [28.923618500475744, 41.111699888634014], [28.923737538406687, 41.11169790036507], [28.92374016739583, 41.11178793012372], [28.924335357683983, 41.111777986904066], [28.924332727882675, 41.111687957176756], [28.925046954860484, 41.11167602129473], [28.925054847223965, 41.11194611035921], [28.924816770637786, 41.1119500895158], [28.924819401124594, 41.1120401192134], [28.924581324165853, 41.11204409789087], [28.924583954339713, 41.11213412759946], [28.92446491568002, 41.11213611676009], [28.92446754570336, 41.1122261464734], [28.92434850686932, 41.11222813551739], [28.92437480613402, 41.11312843262778], [28.924017684687136, 41.1131343992103], [28.924015055194353, 41.11304436948743], [28.923896014850666, 41.11304635809617], [28.923893385532246, 41.11295632836549], [28.92377434533908, 41.11295831684505], [28.92377171619502, 41.112868287106565], [28.923652676152386, 41.11287027545694], [28.92365004718269, 41.112780245710624], [28.92317388754275, 41.112788197857924], [28.923189657641036, 41.113328376462874], [28.923308698543554, 41.113326388572844], [28.92331395566319, 41.1135064480829], [28.923432996878688, 41.11350446005742], [28.92343825437088, 41.113684519548755], [28.923557295899357, 41.11368253138782], [28.923562553764107, 41.11386259086043], [28.923681595605576, 41.11386060256406], [28.923686853842888, 41.11404066201792], [28.923805895997344, 41.1140386735861], [28.92380852529633, 41.11412870330444], [28.923927567601318, 41.114126714743435], [28.923930197074675, 41.11421674445396], [28.924049239530195, 41.11421475576376], [28.924054498837574, 41.11439481516764], [28.924173541606084, 41.114392826341984], [28.92417617144011, 41.11448285603533], [28.92429521435915, 41.114480867080495], [28.924300474387874, 41.114660926450014], [28.924419517619906, 41.1146589373597], [28.92442477802123, 41.11483899671048], [28.924543821566264, 41.114837007484724], [28.924546451947258, 41.11492703715151], [28.924665495642827, 41.11492504779657], [28.924668126198213, 41.11501507745554], [28.924787170044308, 41.1150130879714], [28.92479243151577, 41.115193147272166], [28.92491147567487, 41.11519115765257], [28.924914106590943, 41.11528118729435], [28.925033150900575, 41.115279197545554], [28.925035781991046, 41.11536922717953], [28.925154826451212, 41.11536723730153], [28.925157457716065, 41.11545726692767], [28.925276502326774, 41.115455276920486], [28.92527913376602, 41.11554530653882], [28.925398178527253, 41.11554331640243], [28.925400810140893, 41.11563334601294], [28.925519855052666, 41.11563135574736], [28.925522486840695, 41.115721385350035], [28.92564153190301, 41.11571939495526], [28.92564679583979, 41.115899454143424], [28.925765841215103, 41.11589746361317], [28.92577373769715, 41.11616755236499], [28.925892783547937, 41.116165561693], [28.92589541589495, 41.116255591267574], [28.926014461896273, 41.11625360046638], [28.926019726951036, 41.11643365959831], [28.926138773265365, 41.11643166866165], [28.92614140597312, 41.11652169821901], [28.926260452437983, 41.11651970715313], [28.926263085320144, 41.11660973670268], [28.92685831827779, 41.11659977949794], [28.926860951984242, 41.11668980901457], [28.92709904540868, 41.1166858252596], [28.927101679452026, 41.116775854762125], [28.92733977315365, 41.11677187050289], [28.927342407533878, 41.1168618999913], [28.927580501512686, 41.11685791522778], [28.927583136229803, 41.11694794470209], [28.927702183363767, 41.11694595212966], [28.927707453158774, 41.117126011061075], [28.927826500605743, 41.11712401835315], [28.927829135683645, 41.11721404781024], [28.928067230866702, 41.117210062013044], [28.928069866281493, 41.11730009145604], [28.928188914017586, 41.117298098366746], [28.9281915496068, 41.11738812780192], [28.92831059749342, 41.11738613458341], [28.92831323325706, 41.117476164010746], [28.928432281294214, 41.11747417066303], [28.928437553182295, 41.11765422950048], [28.928556601532453, 41.117652236017264], [28.928569782274163, 41.11810238305234], [28.928688831424783, 41.11810038941479], [28.928691467771458, 41.118190418810876], [28.928810517072613, 41.11818842504411], [28.92881842667179, 41.118458513204196], [28.928342227445654, 41.11846648760905]]]}, "properties": {"class_code": 2, "class_name": "water_loss", "area_ha": 3.03}}, {"type": "Feature", "geometry": {"type": "Polygon", "coordinates": [[[28.923708620312592, 41.110707572917676], [28.923705991466445, 41.11061754314043], [28.923825027436333, 41.11061555482377], [28.92382765644491, 41.11070558459475], [28.923708620312592, 41.110707572917676]]]}, "properties": {"class_code": 2, "class_name": "water_loss", "area_ha": 0.01}}, {"type": "Feature", "geometry": {"type": "Polygon", "coordinates": [[[28.923822398439683, 41.110525525051244], [28.923819769454933, 41.11043549527716], [28.923938805088063, 41.11043350685013], [28.923941434235232, 41.11052353661794], [28.923822398439683, 41.110525525051244]]]}, "properties": {"class_code": 2, "class_name": "water_loss", "area_ha": 0.01}}, {"type": "Feature", "geometry": {"type": "Polygon", "coordinates": [[[28.893115941349333, 41.111214497098615], [28.893105593015473, 41.110854371591216], [28.893462708542348, 41.11084850109189], [28.893473058825474, 41.11120862652529], [28.893115941349333, 41.111214497098615]]]}, "properties": {"class_code": 2, "class_name": "water_loss", "area_ha": 0.12}}, {"type": "Feature", "geometry": {"type": "Polygon", "coordinates": [[[28.8863281114309, 41.111235796080166], [28.886317800180265, 41.110875669163406], [28.88655587821953, 41.11087176964467], [28.886558456339543, 41.110961801363885], [28.886439417163313, 41.11096375119085], [28.886447151106143, 41.111233846357685], [28.8863281114309, 41.111235796080166]]]}, "properties": {"class_code": 2, "class_name": "water_loss", "area_ha": 0.05}}, {"type": "Feature", "geometry": {"type": "Polygon", "coordinates": [[[28.923936175952818, 41.11034347708076], [28.923933546829485, 41.110253447309844], [28.924052582125853, 41.11025145877243], [28.92405521141161, 41.11034148853708], [28.923936175952818, 41.11034347708076]]]}, "properties": {"class_code": 2, "class_name": "water_loss", "area_ha": 0.01}}, {"type": "Feature", "geometry": {"type": "Polygon", "coordinates": [[[28.919216711476864, 41.11186339817451], [28.91921146585548, 41.111683338180086], [28.91933050406438, 41.11168135446511], [28.919325258165685, 41.11150129447701], [28.919444296037828, 41.111499310651624], [28.919436426791652, 41.11122922067658], [28.91967450152568, 41.1112252526946], [28.919669254771293, 41.1110451927285], [28.91978829179561, 41.11104320856565], [28.91978566827383, 41.11095317858652], [28.919904705123823, 41.11095119430702], [28.919894210505884, 41.11059107440003], [28.920013246694285, 41.110589090022614], [28.92000537536843, 41.11031900009487], [28.920124411057664, 41.110317015613326], [28.92012178714374, 41.11022698564056], [28.92024082265866, 41.11022500104236], [28.920238198594205, 41.110134971074295], [28.920357233934805, 41.110132986359446], [28.92035198551674, 41.10995292643118], [28.92059005551258, 41.109948956657774], [28.920584806492414, 41.109768896748335], [28.920703841147652, 41.10976691168978], [28.920701216492997, 41.109676881739], [28.920820250973918, 41.109674896563796], [28.920812376594085, 41.109404806720896], [28.920931410575857, 41.109402821441556], [28.920926160723962, 41.10922276155107], [28.921045194369007, 41.109220776161344], [28.92105306965195, 41.10949086597601], [28.920934035519657, 41.10949285138449], [28.920939285442945, 41.1096729112657], [28.920820250973918, 41.109674896563796], [28.920822875790993, 41.10976492650833], [28.920703841147652, 41.10976691168978], [28.92070909049265, 41.109946971586716], [28.92059005551258, 41.109948956657774], [28.920592680040503, 41.110038986610185], [28.920473644886112, 41.11004097156459], [28.920476269263514, 41.11013100152167], [28.920357233934805, 41.110132986359446], [28.92035985816168, 41.11022301632124], [28.92024082265866, 41.11022500104236], [28.920243446735, 41.11031503100886], [28.920124411057664, 41.110317015613326], [28.92013753080568, 41.11076716545389], [28.920018494304326, 41.11076914996671], [28.92002374196193, 41.110949209904604], [28.919904705123823, 41.11095119430702], [28.919907328808037, 41.11104122427988], [28.91978829179561, 41.11104320856565], [28.919793538874856, 41.11122326851925], [28.91967450152568, 41.1112252526946], [28.91967712492071, 41.11131528267532], [28.919558087397213, 41.11131726673403], [28.919563333898083, 41.111497326703336], [28.919444296037828, 41.111499310651624], [28.91944954226139, 41.11167937062724], [28.91933050406438, 41.11168135446511], [28.91933575001063, 41.11186141444705], [28.919216711476864, 41.11186339817451]]]}, "properties": {"class_code": 2, "class_name": "water_loss", "area_ha": 0.34}}, {"type": "Feature", "geometry": {"type": "Polygon", "coordinates": [[[28.921042569298493, 41.109130746220025], [28.92103469415833, 41.10886065638675], [28.92115372714183, 41.10885867089916], [28.92116160276923, 41.10912876071365], [28.921042569298493, 41.109130746220025]]]}, "properties": {"class_code": 2, "class_name": "water_loss", "area_ha": 0.03}}, {"type": "Feature", "geometry": {"type": "Polygon", "coordinates": [[[28.92404995285202, 41.11016142900623], [28.92403943587585, 41.109801309925935], [28.92415847034821, 41.109799321296954], [28.92413480638726, 41.108989053331996], [28.924015773376635, 41.10899104190459], [28.92400788609139, 41.108720952536245], [28.924126918614792, 41.108718963982454], [28.92413480638726, 41.108989053331996], [28.92437287237277, 41.10898507581812], [28.924383390868865, 41.10934519487902], [28.924264357232424, 41.10934718372248], [28.92427750480865, 41.109797332545064], [28.92415847034821, 41.109799321296954], [28.924168987974046, 41.11015944035219], [28.92404995285202, 41.11016142900623]]]}, "properties": {"class_code": 2, "class_name": "water_loss", "area_ha": 0.2}}, {"type": "Feature", "geometry": {"type": "Polygon", "coordinates": [[[28.92090778661708, 41.10859255188549], [28.92090253697933, 41.10841249196708], [28.920783504784076, 41.10841447717761], [28.92078088014545, 41.10832444720983], [28.9208999121783, 41.10832246200557], [28.92090253697933, 41.10841249196708], [28.92102156916269, 41.10841050663366], [28.92102681912525, 41.10859056653955], [28.92090778661708, 41.10859255188549]]]}, "properties": {"class_code": 2, "class_name": "water_loss", "area_ha": 0.03}}, {"type": "Feature", "geometry": {"type": "Polygon", "coordinates": [[[28.920659223636388, 41.10823640231562], [28.920656599183964, 41.10814637233848], [28.920537567452136, 41.10814835728445], [28.920534943174015, 41.10805832729951], [28.92065397474344, 41.1080563423598], [28.920656599183964, 41.10814637233848], [28.920775630903897, 41.108144387269625], [28.920778255518726, 41.1082344172405], [28.920659223636388, 41.10823640231562]]]}, "properties": {"class_code": 2, "class_name": "water_loss", "area_ha": 0.02}}, {"type": "Feature", "geometry": {"type": "Polygon", "coordinates": [[[28.92005619316077, 41.10797623581789], [28.92005356955605, 41.10788620580485], [28.92029163212854, 41.10788223681071], [28.920294256058067, 41.10797226681125], [28.92005619316077, 41.10797623581789]]]}, "properties": {"class_code": 2, "class_name": "water_loss", "area_ha": 0.02}}, {"type": "Feature", "geometry": {"type": "Polygon", "coordinates": [[[28.923883595750315, 41.10854288136797], [28.923878337992214, 41.10836282176258], [28.92375930609461, 41.10836481004552], [28.923751420034037, 41.108094720607035], [28.92363238861173, 41.10809670874828], [28.923627131622393, 41.107916649102336], [28.923508100512983, 41.10791863710816], [28.92350547219859, 41.1078286072766], [28.92338644123966, 41.10783059515327], [28.923381184971408, 41.10765053547298], [28.92326215432537, 41.107652523214234], [28.923259526371513, 41.107562493365485], [28.923140495875963, 41.10756448097757], [28.923137868096415, 41.10747445112103], [28.923018837751354, 41.10747643860396], [28.923016210146116, 41.1073864087396], [28.92289717995154, 41.107388396093384], [28.92289455252061, 41.107298366221215], [28.92313261257305, 41.107294391403286], [28.923137868096415, 41.10747445112103], [28.923375928750808, 41.107470475786485], [28.923378556855152, 41.10756050563051], [28.923497587326874, 41.107558517772624], [28.923500215605532, 41.10764854760883], [28.923619246227748, 41.1076465596218], [28.923621874680716, 41.1077365894502], [28.923740905453418, 41.10773460133402], [28.92374879137101, 41.1080046907911], [28.923867822619, 41.10800270253323], [28.923870451444433, 41.10809273234289], [28.923989482842913, 41.108090743955856], [28.924002627960814, 41.108540892949605], [28.923883595750315, 41.10854288136797]]]}, "properties": {"class_code": 2, "class_name": "water_loss", "area_ha": 0.25}}, {"type": "Feature", "geometry": {"type": "Polygon", "coordinates": [[[28.9227728952199, 41.10721032356585], [28.92276764074237, 41.107030263801235], [28.922886670299274, 41.10702827659539], [28.922891925101588, 41.10720833634749], [28.9227728952199, 41.10721032356585]]]}, "properties": {"class_code": 2, "class_name": "water_loss", "area_ha": 0.02}}, {"type": "Feature", "geometry": {"type": "Polygon", "coordinates": [[[28.918984909534398, 41.10799409026448], [28.918977043140792, 41.1077240000519], [28.919096074215172, 41.10772201673483], [28.91909345194534, 41.10763198666713], [28.919212482845435, 41.10763000323342], [28.919209860425088, 41.10753997317041], [28.919328891150894, 41.107537989620056], [28.919326268580026, 41.10744795956175], [28.919445299131546, 41.10744597589475], [28.919429562981602, 41.1069057955499], [28.91954859254685, 41.106903811797515], [28.91956432967118, 41.10744399210486], [28.919445299131546, 41.10744597589475], [28.919450544609962, 41.107626035997306], [28.91933151373364, 41.10762801967681], [28.919342004183513, 41.10798813988834], [28.918984909534398, 41.10799409026448]]]}, "properties": {"class_code": 2, "class_name": "water_loss", "area_ha": 0.2}}, {"type": "Feature", "geometry": {"type": "Polygon", "coordinates": [[[28.91930791091681, 41.10681774911024], [28.919305288441038, 41.10672771903953], [28.919424317693384, 41.10672573542254], [28.919426940331547, 41.10681576548699], [28.91930791091681, 41.10681774911024]]]}, "properties": {"class_code": 2, "class_name": "water_loss", "area_ha": 0.01}}, {"type": "Feature", "geometry": {"type": "Polygon", "coordinates": [[[28.922757131930215, 41.1066701442534], [28.92275450475694, 41.10658011436258], [28.92287353350187, 41.10657812718804], [28.922876160837532, 41.106668157072605], [28.922757131930215, 41.1066701442534]]]}, "properties": {"class_code": 2, "class_name": "water_loss", "area_ha": 0.01}}, {"type": "Feature", "geometry": {"type": "Polygon", "coordinates": [[[28.919183636875314, 41.106639672455145], [28.919178392307995, 41.1064596122935], [28.919297421085048, 41.10645762881814], [28.919302665977156, 41.1066376889673], [28.919183636875314, 41.106639672455145]]]}, "properties": {"class_code": 2, "class_name": "water_loss", "area_ha": 0.02}}, {"type": "Feature", "geometry": {"type": "Polygon", "coordinates": [[[28.919056741415613, 41.10637156555657], [28.919054119324052, 41.10628153546563], [28.919173147788207, 41.10627955212565], [28.919175770042155, 41.106369582210355], [28.919056741415613, 41.10637156555657]]]}, "properties": {"class_code": 2, "class_name": "water_loss", "area_ha": 0.01}}, {"type": "Feature", "geometry": {"type": "Polygon", "coordinates": [[[28.92298993474875, 41.10648611001076], [28.922987307274514, 41.10639608012935], [28.923225364055263, 41.10639210519089], [28.923222736268162, 41.106302075320464], [28.92334176447828, 41.10630008767317], [28.923336508615023, 41.10612002794017], [28.923455536488458, 41.10611804018251], [28.923463420788377, 41.10638812976089], [28.923225364055263, 41.10639210519089], [28.92322799185428, 41.10648213505978], [28.92298993474875, 41.10648611001076]]]}, "properties": {"class_code": 2, "class_name": "water_loss", "area_ha": 0.06}}, {"type": "Feature", "geometry": {"type": "Polygon", "coordinates": [[[28.92345290841231, 41.10602801031996], [28.923447652295746, 41.105847950590196], [28.923566679670113, 41.10584596272845], [28.923564051467313, 41.105755932867496], [28.923683078667377, 41.10575394488913], [28.92368833540966, 41.10593400459693], [28.923569307884822, 41.10593599258784], [28.923571936111443, 41.10602602244568], [28.92345290841231, 41.10602801031996]]]}, "properties": {"class_code": 2, "class_name": "water_loss", "area_ha": 0.04}}, {"type": "Feature", "geometry": {"type": "Polygon", "coordinates": [[[28.918932468930723, 41.106193488583955], [28.91892722513181, 41.10601342838182], [28.918808197131053, 41.10601541145727], [28.91880295370445, 41.105835351236436], [28.918683926016584, 41.1058373341765], [28.918678682962284, 41.10565727393698], [28.91855965558731, 41.10565925674165], [28.918536063892535, 41.104848985530886], [28.918655089806073, 41.104847002782435], [28.918678682962284, 41.10565727393698], [28.91879771032537, 41.10565529100941], [28.91880295370445, 41.105835351236436], [28.91892198138043, 41.105833368173485], [28.91892722513181, 41.10601342838182], [28.919046253120687, 41.10601144518349], [28.91905149724438, 41.106191505373125], [28.918932468930723, 41.106193488583955]]]}, "properties": {"class_code": 2, "class_name": "water_loss", "area_ha": 0.15}}, {"type": "Feature", "geometry": {"type": "Polygon", "coordinates": [[[28.918414416889483, 41.104760938007935], [28.918411795823726, 41.10467090785786], [28.918292770211185, 41.104672890348056], [28.918290149319684, 41.104582860190185], [28.918409174769845, 41.10458087770624], [28.918411795823726, 41.10467090785786], [28.918530821424387, 41.10466892524479], [28.918533442652524, 41.10475895538861], [28.918414416889483, 41.104760938007935]]]}, "properties": {"class_code": 2, "class_name": "water_loss", "area_ha": 0.02}}, {"type": "Feature", "geometry": {"type": "Polygon", "coordinates": [[[28.923802105855536, 41.10575195678787], [28.923799477339877, 41.10566192693789], [28.923918504353733, 41.10565993872002], [28.92391061839111, 41.10538984917962], [28.923196459052164, 41.10540177653088], [28.923199086720167, 41.105491806416815], [28.92296103318714, 41.105495781230026], [28.922963660542283, 41.105585811126936], [28.922725606636856, 41.105589785461135], [28.922728233679145, 41.10567981536901], [28.92225212507587, 41.105687762587834], [28.92224949868312, 41.10559773265492], [28.922011444634823, 41.105601705514495], [28.922006192534553, 41.10542164561897], [28.921887165817317, 41.10542363185191], [28.92187928824333, 41.105153541978225], [28.92199831447342, 41.10515155576405], [28.921990436519415, 41.10488146589519], [28.922109462250464, 41.10487947957692], [28.92210421001588, 41.10469941966912], [28.922223235410275, 41.10469743324047], [28.92221798289855, 41.104517373338986], [28.922337007956298, 41.104515386799974], [28.922323876073424, 41.10406523705045], [28.922442900307402, 41.104063250419856], [28.922461286163358, 41.10469346001454], [28.922342260792774, 41.10469544668895], [28.922344887228867, 41.1047854766311], [28.92222586168399, 41.104787463188885], [28.922241619576276, 41.105327642846866], [28.922360646095424, 41.105325656251516], [28.922363272614845, 41.10541568618282], [28.922839379221898, 41.1054077385476], [28.922836752052948, 41.10531770864132], [28.923312857819962, 41.10530975906501], [28.923310230013392, 41.10521972918224], [28.923667308726447, 41.10521376572851], [28.923664680444656, 41.10512373586298], [28.924021758563363, 41.10511777132211], [28.924019129806346, 41.10502774147382], [28.924257181501154, 41.105023764511365], [28.924254552431297, 41.104933734674056], [28.92449260375368, 41.10492975723261], [28.92448997437099, 41.10483972740629], [28.924608999851927, 41.104837738507506], [28.92460637031877, 41.10474770868589], [28.924963446202955, 41.10474174127106], [28.92497133629957, 41.105011830674826], [28.924852310529626, 41.10501381995477], [28.924854940423295, 41.105103849759196], [28.924735914479058, 41.10510583892255], [28.924738544222265, 41.10519586873168], [28.92461951810373, 41.105197857778414], [28.924622147696475, 41.10528788759226], [28.924503121403642, 41.105289876522384], [28.924516268734244, 41.10574002559972], [28.923802105855536, 41.10575195678787]]]}, "properties": {"class_code": 2, "class_name": "water_loss", "area_ha": 1.25}}, {"type": "Feature", "geometry": {"type": "Polygon", "coordinates": [[[28.91745697083597, 41.10459673413711], [28.917446491935276, 41.10423661331529], [28.917565516819078, 41.10423463171649], [28.917562896961215, 41.104144601513404], [28.917681921670766, 41.10414261979797], [28.917676681665917, 41.103962559399626], [28.91803375474908, 41.10395661355352], [28.918031134277346, 41.10386658337077], [28.918150158452278, 41.10386460118256], [28.918147537830055, 41.1037745710045], [28.918266561830738, 41.103772588699655], [28.918263941058026, 41.103682558526295], [28.918501988699013, 41.10367859356047], [28.918499367613443, 41.10358856339805], [28.918618391253748, 41.103586580737066], [28.918615770017684, 41.10349655057934], [28.91885381693792, 41.10349258490124], [28.918851195389006, 41.103402554754474], [28.91908924193697, 41.103398588597365], [28.91908662007521, 41.103308558461535], [28.919205643169, 41.10330657520492], [28.919203021156754, 41.103216545073806], [28.919322044076296, 41.10321456170056], [28.919319421913567, 41.10312453157414], [28.919438444658866, 41.103122548084265], [28.91943582234566, 41.10303251796254], [28.9195548449167, 41.103030534356044], [28.919552222453017, 41.10294050423903], [28.91967124484981, 41.10293852051591], [28.919665999633374, 41.10275846028972], [28.919785021693556, 41.102756476456236], [28.919774530753884, 41.10239635601027], [28.919893552152743, 41.102394372078926], [28.919890929285184, 41.102304341969806], [28.92012897172252, 41.102300373750985], [28.920126348542137, 41.10221034365283], [28.920602432624705, 41.10220240576575], [28.920599808806784, 41.102112375691064], [28.921075892049657, 41.10210443586307], [28.921073267594206, 41.10201440581183], [28.9214303294144, 41.10200844966947], [28.921427704483786, 41.10191841963548], [28.921784765709845, 41.10191246240607], [28.921782140304064, 41.101822432389284], [28.92213920093597, 41.101816474072834], [28.92213657505503, 41.10172644407327], [28.92249363509277, 41.10172048466978], [28.922504140636168, 41.10208060458361], [28.922623161274355, 41.102078617844995], [28.922638920920708, 41.10261879763168], [28.922757942521134, 41.10261681073263], [28.922765822992112, 41.10288690058626], [28.92264680090461, 41.102888887504086], [28.92265730771647, 41.103249007312286], [28.922538284967615, 41.10325099413228], [28.922551417938486, 41.103701143888955], [28.92243239436589, 41.103703130617376], [28.92242714146656, 41.103523070706835], [28.921832025048726, 41.1035330024432], [28.921829399428745, 41.103442972454296], [28.92171037627184, 41.10344495842668], [28.921697249162282, 41.1029948084277], [28.92181627150737, 41.102992822486605], [28.92181102042212, 41.10281276248867], [28.921930042430578, 41.102810776437224], [28.921922165404872, 41.10254068644747], [28.922041186914353, 41.10253870029193], [28.922030683730583, 41.10217858030896], [28.921554600218975, 41.10218652409381], [28.92155722534764, 41.102276554116905], [28.92143820427764, 41.1022785397622], [28.921440829255847, 41.102368569790016], [28.921321808011587, 41.10237055531869], [28.921327057678972, 41.102550615382164], [28.9212080360981, 41.10255260080049], [28.921210660787278, 41.10264263083617], [28.921091639032152, 41.10264461613788], [28.92109426357087, 41.10273464617825], [28.920975241641486, 41.102736631363335], [28.920977866029734, 41.102826661408415], [28.920858843926094, 41.102828646476894], [28.92086146816388, 41.102918676526684], [28.920742445885985, 41.102920661478535], [28.9207450699733, 41.10301069153302], [28.920626047521147, 41.10301267636826], [28.92063129540673, 41.10319273648512], [28.920393249817295, 41.10319670581198], [28.92039587345319, 41.10328673588058], [28.91932466625091, 41.103304591825434], [28.91932728843741, 41.103394621948745], [28.919208265193134, 41.10339660533448], [28.919210887229152, 41.1034866354625], [28.919091863810618, 41.10348861873163], [28.91909448569615, 41.103578648864364], [28.918856438498718, 41.10358261504646], [28.91885906007139, 41.10367264519013], [28.918621012501685, 41.10367661089323], [28.918623633761506, 41.10376664104785], [28.918385585819543, 41.10377060627192], [28.9183882067665, 41.103860636437496], [28.918269182615326, 41.10386261887146], [28.9182718034118, 41.10395264904172], [28.91803375474908, 41.10395661355352], [28.91803899572816, 41.10413667391439], [28.91791997105424, 41.10413865599846], [28.917922591399222, 41.10422868618281], [28.917803566551044, 41.104230668150244], [28.917811427170136, 41.104500758712746], [28.9181685031404, 41.10449481238558], [28.918171123857647, 41.10458484255124], [28.91745697083597, 41.10459673413711]]]}, "properties": {"class_code": 2, "class_name": "water_loss", "area_ha": 3.27}}, {"type": "Feature", "geometry": {"type": "Polygon", "coordinates": [[[28.906788269038557, 41.163862056443214], [28.906780437250926, 41.163591966933275], [28.907137836088125, 41.163586047867916], [28.907145669341542, 41.163856137321915], [28.906788269038557, 41.163862056443214]]]}, "properties": {"class_code": 3, "class_name": "water_gain", "area_ha": 0.09}}, {"type": "Feature", "geometry": {"type": "Polygon", "coordinates": [[[28.938018631758837, 41.15181130709893], [28.93801597953346, 41.15172127872561], [28.938135088815148, 41.151719273992555], [28.93813774120328, 41.151809302359545], [28.938018631758837, 41.15181130709893]]]}, "properties": {"class_code": 3, "class_name": "water_gain", "area_ha": 0.01}}, {"type": "Feature", "geometry": {"type": "Polygon", "coordinates": [[[28.933354833160198, 41.15125919556399], [28.9333468958145, 41.150989109668764], [28.93382332888383, 41.15098110942539], [28.93383126818254, 41.151251195245], [28.933354833160198, 41.15125919556399]]]}, "properties": {"class_code": 3, "class_name": "water_gain", "area_ha": 0.12}}, {"type": "Feature", "geometry": {"type": "Polygon", "coordinates": [[[28.93641205036678, 41.153910014717496], [28.93640940014363, 41.153819986291495], [28.936290286938064, 41.153821989323475], [28.93628763688971, 41.153731960889615], [28.9361685238349, 41.153733963792206], [28.936163224099772, 41.153553906907206], [28.9359249986052, 41.15355791231788], [28.93591705006923, 41.1532878269409], [28.93579793779223, 41.153289829442684], [28.935795288467038, 41.15319980097426], [28.9356761763408, 41.15320180334665], [28.93567352719038, 41.153111774870375], [28.9354353032274, 41.153115779233275], [28.935430005613675, 41.15293572225085], [28.934834447123738, 41.15294573094103], [28.93481061578074, 41.152135474159515], [28.934929726037883, 41.152133472724394], [28.93492442999042, 41.15195341565738], [28.935043539910033, 41.15195141411179], [28.935038243585087, 41.15177135705116], [28.935157353167174, 41.15176935539511], [28.935149408281536, 41.15149926981145], [28.935268517363355, 41.15149726805123], [28.93525792369959, 41.1511371539432], [28.93537703211839, 41.15113515208511], [28.93535849252985, 41.15050495238044], [28.935715814296472, 41.150498946200194], [28.935718463261335, 41.15058897471518], [28.9358375706556, 41.15058697240263], [28.93584021979522, 41.150677000909745], [28.93595932734022, 41.15067499846783], [28.9359672753194, 41.15094508396093], [28.935848167286146, 41.15094708642177], [28.935877309011087, 41.151937399846396], [28.935996418834627, 41.15193539731614], [28.936001717811735, 41.15211545426964], [28.936239938073804, 41.15211144881468], [28.936242587905898, 41.152201477276485], [28.936361698181667, 41.15219947435808], [28.93636699820742, 41.152379531264394], [28.936486108796696, 41.15237752821029], [28.936499359885154, 41.15282767041739], [28.937452250677257, 41.15281164130103], [28.93744164457405, 41.15245152774044], [28.93732253391816, 41.15245353178552], [28.937319882585168, 41.152363503385175], [28.937200772080015, 41.15236550730087], [28.937195469775627, 41.1521854504829], [28.937314579955256, 41.15218344657983], [28.937311928658335, 41.15209341817483], [28.938145698439826, 41.15207938745128], [28.93815100332432, 41.15225944417132], [28.938508334026857, 41.15225342911997], [28.93851894589329, 41.152613542465645], [28.938757167603587, 41.15260953176545], [28.938765127606292, 41.152879616720504], [28.938884238931685, 41.152877611166836], [28.938892199530954, 41.15314769608896], [28.939011311332617, 41.153145690393245], [28.93902458005253, 41.15359583186747], [28.938667242169934, 41.15360184868012], [28.93866193562249, 41.15342179205718], [28.938542823296437, 41.15342379740258], [28.938537517122644, 41.15324374076079], [28.937346396455997, 41.153263787318764], [28.937351699374418, 41.15344384408684], [28.93711347444573, 41.153447851946645], [28.937124079124672, 41.153807965514694], [28.93700496599121, 41.15380996928522], [28.93700761702822, 41.153899997679666], [28.93641205036678, 41.153910014717496]]]}, "properties": {"class_code": 3, "class_name": "water_gain", "area_ha": 5.05}}, {"type": "Feature", "geometry": {"type": "Polygon", "coordinates": [[[28.93634579839278, 41.151659303601846], [28.936321949520416, 41.150849047362705], [28.936679272951714, 41.150843038152935], [28.936681923266608, 41.15093306661124], [28.937158354991105, 41.15092505258323], [28.937145100281843, 41.15047491040249], [28.93750242150781, 41.15046889868388], [28.93750772433193, 41.15064895552296], [28.937984153766887, 41.150640938124596], [28.9379921100462, 41.150911023295805], [28.937753894376286, 41.15091503227902], [28.937764501615042, 41.15127514586943], [28.937288067526936, 41.151283162459976], [28.937282765185522, 41.15110310561736], [28.936925440469736, 41.15110911673008], [28.936928091146182, 41.15119914517109], [28.936689874283395, 41.1512031519768], [28.93670312621837, 41.15165329422171], [28.93634579839278, 41.151659303601846]]]}, "properties": {"class_code": 3, "class_name": "water_gain", "area_ha": 0.82}}, {"type": "Feature", "geometry": {"type": "Polygon", "coordinates": [[[28.934043018457636, 41.150346908353406], [28.934040371807225, 41.150256879745506], [28.93344483707046, 41.15026688072076], [28.933439545433078, 41.15008682343728], [28.93332043877522, 41.1500888232505], [28.933317793137267, 41.14999879460015], [28.93319868663016, 41.150000794284], [28.93318810484926, 41.14964067964184], [28.933307210705404, 41.149638679983184], [28.933304565127425, 41.14954865132506], [28.933661882135663, 41.14954265162957], [28.933667174280057, 41.14972270890646], [28.933786280250953, 41.14972070874922], [28.933788926503883, 41.14981073737903], [28.933908032625528, 41.149808737092414], [28.933913325492867, 41.14998879433479], [28.93427064476225, 41.149982792698694], [28.934273291702144, 41.150072821298636], [28.93463061135175, 41.150066818535976], [28.93463855370814, 41.15033690426979], [28.934043018457636, 41.150346908353406]]]}, "properties": {"class_code": 3, "class_name": "water_gain", "area_ha": 0.57}}, {"type": "Feature", "geometry": {"type": "Polygon", "coordinates": [[[28.934749717877608, 41.150064817368936], [28.934739127586163, 41.149704703060685], [28.935334656780576, 41.149694695505524], [28.935326711746956, 41.1494246098526], [28.934969395730967, 41.149430614698176], [28.93495880447373, 41.1490705003969], [28.93567343249198, 41.14905848974949], [28.93567873004941, 41.149238546827554], [28.935916939943706, 41.14923454226864], [28.935927536504565, 41.14959465635569], [28.93568932530838, 41.14959866096507], [28.935694623009915, 41.14977871802451], [28.935456411114735, 41.14978272216683], [28.935461708213353, 41.14996277924529], [28.935223495619173, 41.14996678292055], [28.93522614386101, 41.15005681147007], [28.934749717877608, 41.150064817368936]]]}, "properties": {"class_code": 3, "class_name": "water_gain", "area_ha": 0.65}}, {"type": "Feature", "geometry": {"type": "Polygon", "coordinates": [[[28.90983005894702, 41.149580087195986], [28.909822218608973, 41.14930999749319], [28.910179539246098, 41.149304070665615], [28.91018738104887, 41.14957416031239], [28.90983005894702, 41.149580087195986]]]}, "properties": {"class_code": 3, "class_name": "water_gain", "area_ha": 0.09}}, {"type": "Feature", "geometry": {"type": "Polygon", "coordinates": [[[28.91554457849614, 41.149395094535926], [28.915536714758364, 41.149125005725985], [28.916013139321155, 41.14911707943769], [28.916021005011846, 41.14938716817272], [28.91554457849614, 41.149395094535926]]]}, "properties": {"class_code": 3, "class_name": "water_gain", "area_ha": 0.12}}, {"type": "Feature", "geometry": {"type": "Polygon", "coordinates": [[[28.91173054347894, 41.1493684047491], [28.911717463407044, 41.14891825571933], [28.912074781522154, 41.14891232305889], [28.912087864035207, 41.14936247199521], [28.91173054347894, 41.1493684047491]]]}, "properties": {"class_code": 3, "class_name": "water_gain", "area_ha": 0.15}}, {"type": "Feature", "geometry": {"type": "Polygon", "coordinates": [[[28.93327811000732, 41.148648364658506], [28.93327017370518, 41.1483782786283], [28.93338927727104, 41.14837627893477], [28.93338663169825, 41.148286250261215], [28.93433945849146, 41.14827024833301], [28.93433416477822, 41.14809019108208], [28.934572370705627, 41.148086189394576], [28.93456707638948, 41.14790613216267], [28.934924384214217, 41.14790012874626], [28.93493232717097, 41.148170214535064], [28.934813224086547, 41.14817221581584], [28.934818519125614, 41.148352273013245], [28.934103898414307, 41.14836427818919], [28.934111838133788, 41.1486343640871], [28.93327811000732, 41.148648364658506]]]}, "properties": {"class_code": 3, "class_name": "water_gain", "area_ha": 0.48}}, {"type": "Feature", "geometry": {"type": "Polygon", "coordinates": [[[28.92727542228775, 41.14712767131663], [28.927267511041084, 41.14685758425917], [28.927743915911687, 41.14684960981231], [28.927751829110996, 41.14711969679438], [28.92727542228775, 41.14712767131663]]]}, "properties": {"class_code": 3, "class_name": "water_gain", "area_ha": 0.12}}, {"type": "Feature", "geometry": {"type": "Polygon", "coordinates": [[[28.91427492763046, 41.14671401122986], [28.914267069843852, 41.1464439220933], [28.91462437399436, 41.14643798181533], [28.914632233245467, 41.146708070895755], [28.91427492763046, 41.14671401122986]]]}, "properties": {"class_code": 3, "class_name": "water_gain", "area_ha": 0.09}}, {"type": "Feature", "geometry": {"type": "Polygon", "coordinates": [[[28.934498254648076, 41.145565387582806], [28.93448766740789, 41.145205272938945], [28.934844960588364, 41.1451992700899], [28.934855549781005, 41.145559384658114], [28.934498254648076, 41.145565387582806]]]}, "properties": {"class_code": 3, "class_name": "water_gain", "area_ha": 0.12}}, {"type": "Feature", "geometry": {"type": "Polygon", "coordinates": [[[28.961024700625188, 41.14403582471016], [28.96102201766131, 41.14394579744809], [28.96078383046421, 41.143949853496785], [28.960775782621653, 41.14367977166291], [28.960894875738237, 41.14367774371925], [28.960892192985696, 41.14358771644456], [28.961249471774437, 41.143581631894506], [28.961262888099, 41.14403176815651], [28.961024700625188, 41.14403582471016]]]}, "properties": {"class_code": 3, "class_name": "water_gain", "area_ha": 0.17}}, {"type": "Feature", "geometry": {"type": "Polygon", "coordinates": [[[28.927257402506, 41.14244416722572], [28.927249492636165, 41.14217407994518], [28.92760677088998, 41.142168099905156], [28.927614682223954, 41.14243818712918], [28.927257402506, 41.14244416722572]]]}, "properties": {"class_code": 3, "class_name": "water_gain", "area_ha": 0.09}}, {"type": "Feature", "geometry": {"type": "Polygon", "coordinates": [[[28.960957630177177, 41.141785142691695], [28.96094958223424, 41.14151506078414], [28.961187760598378, 41.1415110045883], [28.961195809517292, 41.141781086457534], [28.960957630177177, 41.141785142691695]]]}, "properties": {"class_code": 3, "class_name": "water_gain", "area_ha": 0.06}}, {"type": "Feature", "geometry": {"type": "Polygon", "coordinates": [[[28.95882473297652, 41.14218173630154], [28.958805974768605, 41.14155154440112], [28.95904415357035, 41.141547492634395], [28.959038793541065, 41.14136743781724], [28.959634238706172, 41.14135730631121], [28.959636919528048, 41.14144733368865], [28.96011327609202, 41.14143922624375], [28.960115957576704, 41.14152925359409], [28.960235046849977, 41.1415272264189], [28.960243091864964, 41.14179730844144], [28.960362181614066, 41.14179528112407], [28.96037022722647, 41.14206536311343], [28.95917932430847, 41.14208563094233], [28.95918200457691, 41.14217565833287], [28.95882473297652, 41.14218173630154]]]}, "properties": {"class_code": 3, "class_name": "water_gain", "area_ha": 0.92}}, {"type": "Feature", "geometry": {"type": "Polygon", "coordinates": [[[28.93890991640725, 41.141618045294166], [28.938901958962322, 41.141347959832714], [28.939021049411835, 41.14134595459547], [28.93901839679157, 41.14125592611153], [28.939375667579945, 41.14124990968052], [28.939386280085195, 41.141610023531136], [28.93890991640725, 41.141618045294166]]]}, "properties": {"class_code": 3, "class_name": "water_gain", "area_ha": 0.15}}, {"type": "Feature", "geometry": {"type": "Polygon", "coordinates": [[[28.959020033821265, 41.14073724590818], [28.959009314248675, 41.14037713621165], [28.95936657601648, 41.14037105788777], [28.95937729754094, 41.140731167507695], [28.959020033821265, 41.14073724590818]]]}, "properties": {"class_code": 3, "class_name": "water_gain", "area_ha": 0.12}}, {"type": "Feature", "geometry": {"type": "Polygon", "coordinates": [[[28.929718758754703, 41.14105184873198], [28.929710839174525, 41.14078176177748], [28.930068109354387, 41.14077577426887], [28.93007603039859, 41.14104586116677], [28.929718758754703, 41.14105184873198]]]}, "properties": {"class_code": 3, "class_name": "water_gain", "area_ha": 0.09}}, {"type": "Feature", "geometry": {"type": "Polygon", "coordinates": [[[28.958868789707612, 41.139658942554775], [28.958860750935248, 41.13938886020956], [28.958741665432015, 41.139390885878235], [28.958733627256915, 41.13912080349989], [28.959090882266366, 41.13911472618222], [28.959093562133848, 41.13920475362408], [28.959212647275343, 41.139202727599084], [28.959226047608244, 41.139652864753145], [28.958868789707612, 41.139658942554775]]]}, "properties": {"class_code": 3, "class_name": "water_gain", "area_ha": 0.2}}, {"type": "Feature", "geometry": {"type": "Polygon", "coordinates": [[[28.954679381851374, 41.13900954702651], [28.95467136044799, 41.13873946397461], [28.955028614255593, 41.13873339930063], [28.955036637122767, 41.13900348229521], [28.954679381851374, 41.13900954702651]]]}, "properties": {"class_code": 3, "class_name": "water_gain", "area_ha": 0.09}}, {"type": "Feature", "geometry": {"type": "Polygon", "coordinates": [[[28.956682414660424, 41.138254944939995], [28.95667438525346, 41.137984862175706], [28.956912551456075, 41.137980815102075], [28.95690987468609, 41.137890787523624], [28.95726712341109, 41.13788471600969], [28.957275155221176, 41.138154798683004], [28.957036988440834, 41.138158846520234], [28.957039665409866, 41.138248874087644], [28.956682414660424, 41.138254944939995]]]}, "properties": {"class_code": 3, "class_name": "water_gain", "area_ha": 0.16}}, {"type": "Feature", "geometry": {"type": "Polygon", "coordinates": [[[28.889610597463165, 41.138474329055704], [28.88960801267379, 41.13838429792614], [28.889727101194485, 41.13838234376386], [28.889724516254162, 41.13829231263891], [28.889843604600483, 41.13829035835974], [28.88984877481817, 41.13847042059578], [28.889610597463165, 41.138474329055704]]]}, "properties": {"class_code": 3, "class_name": "water_gain", "area_ha": 0.03}}, {"type": "Feature", "geometry": {"type": "Polygon", "coordinates": [[[28.889960107681144, 41.13819837284337], [28.88995493720845, 41.13801831061037], [28.890074025043333, 41.13801635610361], [28.890071439661906, 41.13792632499097], [28.890190527322414, 41.13792437036734], [28.890187941790042, 41.13783433925929], [28.890426116750575, 41.137830429655246], [28.890428702608258, 41.13792046075098], [28.890309614971198, 41.13792241562068], [28.890312200677947, 41.13801244672101], [28.890193112866502, 41.13801440147383], [28.890195698422314, 41.13810443257878], [28.890076610436484, 41.13810638721473], [28.890079195841356, 41.1381964183243], [28.889960107681144, 41.13819837284337]]]}, "properties": {"class_code": 3, "class_name": "water_gain", "area_ha": 0.07}}, {"type": "Feature", "geometry": {"type": "Polygon", "coordinates": [[[28.869469098616136, 41.13826262310984], [28.86946398417044, 41.138082558760836], [28.869583073522392, 41.138080625434256], [28.869588188293427, 41.13826068977108], [28.869469098616136, 41.13826262310984]]]}, "properties": {"class_code": 3, "class_name": "water_gain", "area_ha": 0.02}}, {"type": "Feature", "geometry": {"type": "Polygon", "coordinates": [[[28.89483234505584, 41.137758013214366], [28.894827161338984, 41.137577951474576], [28.894946248042075, 41.13757599194826], [28.894951432084245, 41.13775605367571], [28.89483234505584, 41.137758013214366]]]}, "properties": {"class_code": 3, "class_name": "water_gain", "area_ha": 0.02}}, {"type": "Feature", "geometry": {"type": "Polygon", "coordinates": [[[28.89042353090461, 41.13774039855797], [28.890420945070364, 41.13765036745916], [28.890659119333367, 41.137646457387646], [28.890653947049426, 41.137466395210005], [28.89077303383803, 41.137464440002034], [28.89077820644728, 41.13764450216733], [28.890659119333367, 41.137646457387646], [28.890661705492928, 41.13773648847414], [28.89042353090461, 41.13774039855797]]]}, "properties": {"class_code": 3, "class_name": "water_gain", "area_ha": 0.04}}, {"type": "Feature", "geometry": {"type": "Polygon", "coordinates": [[[28.891011207380053, 41.13746052921697], [28.8910086207677, 41.137370498144314], [28.891127707358464, 41.137368542573405], [28.891130294133472, 41.13745857363989], [28.891011207380053, 41.13746052921697]]]}, "properties": {"class_code": 3, "class_name": "water_gain", "area_ha": 0.01}}, {"type": "Feature", "geometry": {"type": "Polygon", "coordinates": [[[28.891598878788187, 41.13718065697115], [28.891596291397747, 41.13709062592467], [28.891715377441905, 41.137088669757105], [28.891717964994996, 41.13717870079742], [28.891598878788187, 41.13718065697115]]]}, "properties": {"class_code": 3, "class_name": "water_gain", "area_ha": 0.01}}, {"type": "Feature", "geometry": {"type": "Polygon", "coordinates": [[[28.891834463474336, 41.137086713466516], [28.891831875770322, 41.13699668243082], [28.89195096162837, 41.13699472602337], [28.891953549495035, 41.1370847570529], [28.891834463474336, 41.137086713466516]]]}, "properties": {"class_code": 3, "class_name": "water_gain", "area_ha": 0.01}}, {"type": "Feature", "geometry": {"type": "Polygon", "coordinates": [[[28.870419257179787, 41.13815712082977], [28.87041669866138, 41.13806708870324], [28.87017852010823, 41.13807095695585], [28.87017084559861, 41.13780086053045], [28.869694490305154, 41.137808595486135], [28.869686817851907, 41.13753849897372], [28.869567729487553, 41.137540432386785], [28.869560057626654, 41.13727033584222], [28.86991732122096, 41.137264535288764], [28.869922436759285, 41.13744459961679], [28.870041524926187, 41.13744266584072], [28.87004408287541, 41.13753269799634], [28.870877700857648, 41.13751915807626], [28.87087514176978, 41.137429125963315], [28.870994229843895, 41.13742719120298], [28.870999348356552, 41.137607255415155], [28.871237525120623, 41.137603385501], [28.87124776358651, 41.13796351385805], [28.870771407409304, 41.13797125329177], [28.870773966404112, 41.13806128540154], [28.870535787920556, 41.13806515439237], [28.870538346601627, 41.13815518651281], [28.870419257179787, 41.13815712082977]]]}, "properties": {"class_code": 3, "class_name": "water_gain", "area_ha": 0.72}}, {"type": "Feature", "geometry": {"type": "Polygon", "coordinates": [[[28.892308219132115, 41.13698885606285], [28.89230563078922, 41.13689882505027], [28.89254380207441, 41.136894911140445], [28.892546390742606, 41.13698494214071], [28.892308219132115, 41.13698885606285]]]}, "properties": {"class_code": 3, "class_name": "water_gain", "area_ha": 0.02}}, {"type": "Feature", "geometry": {"type": "Polygon", "coordinates": [[[28.87506373602932, 41.138081591298956], [28.875061171166866, 41.13799155941038], [28.874942082349012, 41.137993498396575], [28.874924129776062, 41.1373632750906], [28.87504321745527, 41.137361336147166], [28.875035523181857, 41.137091240439794], [28.874797348787776, 41.137095118166975], [28.874789655594967, 41.13682502240905], [28.87538508905309, 41.136815327259974], [28.87539021946325, 41.136995391039044], [28.8755093064453, 41.13699345162792], [28.87551700263574, 41.13726354726662], [28.875993352399547, 41.13725578831849], [28.876001050646597, 41.137525883869955], [28.876120138546455, 41.137523943807004], [28.876127837386196, 41.13779403932626], [28.876008748998352, 41.137795979407535], [28.876013881291026, 41.13797604309152], [28.87553752632199, 41.137983802235226], [28.875540091835116, 41.13807383409936], [28.87506373602932, 41.138081591298956]]]}, "properties": {"class_code": 3, "class_name": "water_gain", "area_ha": 1.02}}, {"type": "Feature", "geometry": {"type": "Polygon", "coordinates": [[[28.872197914448652, 41.13785799704679], [28.872192792613056, 41.13767793296582], [28.87231188104749, 41.13767599683382], [28.872306758933004, 41.1374959327589], [28.872664023190648, 41.13749012366131], [28.872661461662833, 41.13740009163984], [28.872780549562833, 41.137398155034006], [28.87277286456108, 41.137128058978625], [28.872891951961478, 41.13712612226807], [28.87287914304421, 41.1366759621754], [28.872998229619697, 41.13667402537232], [28.873011039350263, 41.13712418543449], [28.872891951961478, 41.13712612226807], [28.872899637451212, 41.13739621830515], [28.872780549562833, 41.137398155034006], [28.872788234669102, 41.1376682510755], [28.87266914628112, 41.137670187699634], [28.87267170784377, 41.13776021971649], [28.872552619281514, 41.13776215622369], [28.872555180693112, 41.1378521882451], [28.872197914448652, 41.13785799704679]]]}, "properties": {"class_code": 3, "class_name": "water_gain", "area_ha": 0.24}}, {"type": "Feature", "geometry": {"type": "Polygon", "coordinates": [[[28.894674383724666, 41.13640950933825], [28.89467179219925, 41.13631947843976], [28.894790876636986, 41.13631751912288], [28.89479346832504, 41.13640755001521], [28.894674383724666, 41.13640950933825]]]}, "properties": {"class_code": 3, "class_name": "water_gain", "area_ha": 0.01}}, {"type": "Feature", "geometry": {"type": "Polygon", "coordinates": [[[28.872757494871145, 41.13658786682619], [28.872754933296804, 41.13649783479538], [28.872874019558598, 41.13649589812754], [28.872876581295593, 41.13658593015224], [28.872757494871145, 41.13658786682619]]]}, "properties": {"class_code": 3, "class_name": "water_gain", "area_ha": 0.01}}, {"type": "Feature", "geometry": {"type": "Polygon", "coordinates": [[[28.872633285623323, 41.13640973930175], [28.87263072423486, 41.13631970726176], [28.872749810182956, 41.13631777072914], [28.872752371734073, 41.13640780276304], [28.872633285623323, 41.13640973930175]]]}, "properties": {"class_code": 3, "class_name": "water_gain", "area_ha": 0.01}}, {"type": "Feature", "geometry": {"type": "Polygon", "coordinates": [[[28.86966635848675, 41.13681824153943], [28.869651014449836, 41.136278048398914], [28.870008272641638, 41.1362722476774], [28.87002106174992, 41.136722408540294], [28.86978288800709, 41.13672627587193], [28.86978544553822, 41.13681630805207], [28.86966635848675, 41.13681824153943]]]}, "properties": {"class_code": 3, "class_name": "water_gain", "area_ha": 0.16}}, {"type": "Feature", "geometry": {"type": "Polygon", "coordinates": [[[28.873221029490598, 41.13612995934483], [28.873218467323714, 41.13603992733071], [28.873575723495073, 41.13603411557332], [28.87357828614991, 41.136124147569106], [28.873221029490598, 41.13612995934483]]]}, "properties": {"class_code": 3, "class_name": "water_gain", "area_ha": 0.03}}, {"type": "Feature", "geometry": {"type": "Polygon", "coordinates": [[[28.872509077060954, 41.1362316116237], [28.87250395466739, 41.13605154752379], [28.872265783689052, 41.13605541993727], [28.872260661992545, 41.135875355806796], [28.87214157681126, 41.135877291816804], [28.872139016143066, 41.13578725974314], [28.872377186168727, 41.13578338761231], [28.872379747162213, 41.13587341967377], [28.87249883232028, 41.13587148341771], [28.87250139348803, 41.13596151547152], [28.872620478797128, 41.13595957908635], [28.872628162858007, 41.13622967522022], [28.872509077060954, 41.1362316116237]]]}, "properties": {"class_code": 3, "class_name": "water_gain", "area_ha": 0.09}}, {"type": "Feature", "geometry": {"type": "Polygon", "coordinates": [[[28.87809325283841, 41.13569030884231], [28.878090684049447, 41.13560027707257], [28.878328852587003, 41.1355963926515], [28.878331421701255, 41.135686424409], [28.87809325283841, 41.13569030884231]]]}, "properties": {"class_code": 3, "class_name": "water_gain", "area_ha": 0.02}}, {"type": "Feature", "geometry": {"type": "Polygon", "coordinates": [[[28.87751580663359, 41.13633024033177], [28.87750296646389, 41.135880081368704], [28.877145711931753, 41.135885905287324], [28.877143144420685, 41.13579587347172], [28.876666805532132, 41.13580363694974], [28.876653971404306, 41.135353477726326], [28.877249390919747, 41.13534377322412], [28.87724168814304, 41.135073677763266], [28.877598938248845, 41.13506785364071], [28.87760150631736, 41.135157885444194], [28.877839673321635, 41.1351540020685], [28.877842241727087, 41.13524403385818], [28.878080409010064, 41.135240149978166], [28.87808811527214, 41.13551024530128], [28.877730862866397, 41.13551607099186], [28.877746272777323, 41.13605626170655], [28.87786535790009, 41.136054319896004], [28.8778730635007, 41.13632441521416], [28.87751580663359, 41.13633024033177]]]}, "properties": {"class_code": 3, "class_name": "water_gain", "area_ha": 0.84}}, {"type": "Feature", "geometry": {"type": "Polygon", "coordinates": [[[28.878465922021203, 41.1362246724837], [28.87845821401579, 41.135954577252704], [28.878577298906038, 41.13595263471012], [28.87857472943155, 41.135862602969496], [28.878693814147493, 41.13586066031001], [28.87869895343342, 41.1360407237775], [28.879056208487253, 41.13603489502418], [28.87905106822544, 41.13585483159343], [28.87917015289479, 41.135852888441846], [28.879167582618713, 41.13576285673029], [28.879882089414185, 41.135751195274054], [28.879889803205025, 41.1360212902939], [28.880247057909227, 41.13601545784983], [28.880236770926317, 41.1356553312271], [28.879998602436352, 41.135659219597166], [28.879990888297456, 41.13538912457716], [28.880109972060342, 41.13538718047201], [28.880102257538436, 41.13511708545648], [28.879864090976866, 41.13512097350699], [28.87985380641199, 41.13476084674901], [28.880211054285176, 41.13475501456218], [28.880226484129956, 41.13529520457967], [28.88034556770688, 41.135293260234604], [28.880350711407026, 41.13547332354916], [28.88046979529758, 41.135471379068825], [28.880472367327787, 41.13556141071765], [28.880591451369312, 41.13555946610816], [28.8806043125085, 41.13600962429854], [28.880485227653736, 41.136011568938656], [28.88049037186574, 41.13619163221625], [28.878465922021203, 41.1362246724837]]]}, "properties": {"class_code": 3, "class_name": "water_gain", "area_ha": 0.97}}, {"type": "Feature", "geometry": {"type": "Polygon", "coordinates": [[[28.873669181326413, 41.13513185809293], [28.873661493292207, 41.13486176206827], [28.874018742980954, 41.134855949072644], [28.87402643247894, 41.13512604504235], [28.873669181326413, 41.13513185809293]]]}, "properties": {"class_code": 3, "class_name": "water_gain", "area_ha": 0.09}}, {"type": "Feature", "geometry": {"type": "Polygon", "coordinates": [[[28.877472151244103, 41.134799699699876], [28.877464447701094, 41.134529604247945], [28.877821694809537, 41.13452377949737], [28.87782939981629, 41.13479387489426], [28.877472151244103, 41.134799699699876]]]}, "properties": {"class_code": 3, "class_name": "water_gain", "area_ha": 0.09}}, {"type": "Feature", "geometry": {"type": "Polygon", "coordinates": [[[28.87710720048788, 41.13453542789133], [28.877099498513367, 41.134265332370454], [28.877218580441504, 41.13426339129735], [28.877223715404813, 41.134443454967254], [28.877342797646577, 41.13444151375891], [28.87734536530833, 41.134531545585425], [28.87710720048788, 41.13453542789133]]]}, "properties": {"class_code": 3, "class_name": "water_gain", "area_ha": 0.04}}, {"type": "Feature", "geometry": {"type": "Polygon", "coordinates": [[[28.874956021817372, 41.1343002506501], [28.874953457443247, 41.1342102186967], [28.875072539418138, 41.134208279844046], [28.8750751039549, 41.134298311791326], [28.874956021817372, 41.1343002506501]]]}, "properties": {"class_code": 3, "class_name": "water_gain", "area_ha": 0.01}}, {"type": "Feature", "geometry": {"type": "Polygon", "coordinates": [[[28.878290317270856, 41.13424591610365], [28.878287748342952, 41.13415588432146], [28.87864499325523, 41.13415005706093], [28.878647562671034, 41.134240088824775], [28.878290317270856, 41.13424591610365]]]}, "properties": {"class_code": 3, "class_name": "water_gain", "area_ha": 0.03}}, {"type": "Feature", "geometry": {"type": "Polygon", "coordinates": [[[28.878870307941217, 41.1336960128243], [28.87886773827004, 41.13360598106344], [28.879105899488472, 41.133602095189396], [28.87910846948491, 41.13369212693802], [28.878870307941217, 41.1336960128243]]]}, "properties": {"class_code": 3, "class_name": "water_gain", "area_ha": 0.02}}, {"type": "Feature", "geometry": {"type": "Polygon", "coordinates": [[[28.87910332950369, 41.13351206343923], [28.879100759530555, 41.13342203168751], [28.87921983979704, 41.133420088578205], [28.8792224099328, 41.133510120323805], [28.87910332950369, 41.13351206343923]]]}, "properties": {"class_code": 3, "class_name": "water_gain", "area_ha": 0.01}}, {"type": "Feature", "geometry": {"type": "Polygon", "coordinates": [[[28.87571412719651, 41.13581915800058], [28.875706430588433, 41.13554906232446], [28.87523009309322, 41.135556819823954], [28.875209574521342, 41.13483656442419], [28.875090491419613, 41.13483850344262], [28.875087926813098, 41.13474847150461], [28.87568334139225, 41.13473877521274], [28.8756782105877, 41.13455871139316], [28.876273623249713, 41.1345490120869], [28.87626079237597, 41.13409885266373], [28.876141710680013, 41.134100792740455], [28.876131446840954, 41.13374066514969], [28.876488689942338, 41.1337348446238], [28.876480990721515, 41.133464748969544], [28.876600071244145, 41.13346280856655], [28.876589805128763, 41.133102681030365], [28.877304284117155, 41.1330910361759], [28.877314554135587, 41.133451163565326], [28.876600071244145, 41.13346280856655], [28.8766103375457, 41.13382293607804], [28.87672941870722, 41.13382099552758], [28.876731985474326, 41.133911027395484], [28.87685106678684, 41.1339090867159], [28.87685876764589, 41.13417918229199], [28.876620604033416, 41.13418306356482], [28.876633437404884, 41.13463322288858], [28.877109767835996, 41.13462545972854], [28.877117469950175, 41.134895555230884], [28.876522054442603, 41.13490525896511], [28.876527187617175, 41.13508532268677], [28.87605085370054, 41.135093083508686], [28.87606368358772, 41.135543242908085], [28.876182767897546, 41.13554130285658], [28.8761904664574, 41.13581139845936], [28.87571412719651, 41.13581915800058]]]}, "properties": {"class_code": 3, "class_name": "water_gain", "area_ha": 1.87}}, {"type": "Feature", "geometry": {"type": "Polygon", "coordinates": [[[28.87933892005188, 41.133418145345885], [28.879333779490054, 41.133238081862324], [28.879571939314264, 41.13323419505315], [28.879564227583174, 41.13296409985295], [28.87968330698993, 41.13296215628221], [28.879675594875856, 41.13269206108648], [28.88003283156257, 41.13268622969131], [28.88002768923574, 41.13250616625652], [28.880146767782755, 41.132504222224355], [28.88015191043483, 41.132684285646896], [28.88003283156257, 41.13268622969131], [28.88003540274347, 41.13277626140639], [28.87979724463874, 41.132780149138426], [28.87980495727564, 41.13305024431115], [28.87968587771792, 41.13305218801102], [28.87969616074646, 41.13341231491087], [28.87933892005188, 41.133418145345885]]]}, "properties": {"class_code": 3, "class_name": "water_gain", "area_ha": 0.17}}, {"type": "Feature", "geometry": {"type": "Polygon", "coordinates": [[[28.875588429038284, 41.131407593551074], [28.875580734139742, 41.131137497648055], [28.876057039573777, 41.131129739378004], [28.876064736423647, 41.13139983520768], [28.875588429038284, 41.131407593551074]]]}, "properties": {"class_code": 3, "class_name": "water_gain", "area_ha": 0.12}}, {"type": "Feature", "geometry": {"type": "Polygon", "coordinates": [[[28.94596080289639, 41.130239963061626], [28.945952819720176, 41.12996987819485], [28.94607188909521, 41.129967866122044], [28.94606390553985, 41.129697781260305], [28.946302043278294, 41.129693756783766], [28.946294058856076, 41.12942367194608], [28.946770332237346, 41.12941562159332], [28.946772994349637, 41.129505649848745], [28.947011131293003, 41.12950162392179], [28.947024443661164, 41.12995176511215], [28.946905374382652, 41.12995377816883], [28.94691069908926, 41.13013383464679], [28.94655349020588, 41.13013987311699], [28.946550828334267, 41.13004984485975], [28.946312689343497, 41.130053869878935], [28.94631801244849, 41.1302339264172], [28.94596080289639, 41.130239963061626]]]}, "properties": {"class_code": 3, "class_name": "water_gain", "area_ha": 0.57}}, {"type": "Feature", "geometry": {"type": "Polygon", "coordinates": [[[28.880110770523796, 41.131243778093626], [28.880108199378437, 41.13115374635842], [28.879989123270633, 41.13115569029872], [28.879971126717717, 41.130525468066175], [28.880328351591448, 41.13051963600492], [28.880338637217296, 41.13087976293072], [28.880457712802315, 41.13087781863979], [28.88046799926511, 41.13123794551636], [28.880110770523796, 41.131243778093626]]]}, "properties": {"class_code": 3, "class_name": "water_gain", "area_ha": 0.27}}, {"type": "Feature", "geometry": {"type": "Polygon", "coordinates": [[[28.881164448415987, 41.13059605524784], [28.881156730869375, 41.13032596017059], [28.881513954417702, 41.13032012445607], [28.881521673427734, 41.13059021947817], [28.881164448415987, 41.13059605524784]]]}, "properties": {"class_code": 3, "class_name": "water_gain", "area_ha": 0.09}}, {"type": "Feature", "geometry": {"type": "Polygon", "coordinates": [[[28.879588198246445, 41.12963098123041], [28.87958305768774, 41.129450917653884], [28.879463984622745, 41.129452860985815], [28.87946141452347, 41.12936282918912], [28.8798186331957, 41.129356998842695], [28.879826344991848, 41.12962709417305], [28.879588198246445, 41.12963098123041]]]}, "properties": {"class_code": 3, "class_name": "water_gain", "area_ha": 0.07}}, {"type": "Feature", "geometry": {"type": "Polygon", "coordinates": [[[28.87838975787769, 41.12938031358658], [28.87838462064077, 41.129200249878366], [28.878503693322813, 41.129198307671764], [28.878508830884925, 41.12937837136774], [28.87838975787769, 41.12938031358658]]]}, "properties": {"class_code": 3, "class_name": "water_gain", "area_ha": 0.02}}, {"type": "Feature", "geometry": {"type": "Polygon", "coordinates": [[[28.960223425814863, 41.125134118916094], [28.960212705544276, 41.12477400850071], [28.96056988241768, 41.12476792832457], [28.9605806046386, 41.12512803866333], [28.960223425814863, 41.125134118916094]]]}, "properties": {"class_code": 3, "class_name": "water_gain", "area_ha": 0.12}}, {"type": "Feature", "geometry": {"type": "Polygon", "coordinates": [[[28.869333997780593, 41.12511404439464], [28.869331441918856, 41.12502401200787], [28.869450507668343, 41.125022079318384], [28.869453063692646, 41.12511211169905], [28.869333997780593, 41.12511404439464]]]}, "properties": {"class_code": 3, "class_name": "water_gain", "area_ha": 0.01}}, {"type": "Feature", "geometry": {"type": "Polygon", "coordinates": [[[28.873359180204048, 41.12423797408185], [28.873354057646985, 41.12405790969352], [28.873473121376534, 41.12405597288375], [28.87347824425871, 41.12423603725989], [28.873359180204048, 41.12423797408185]]]}, "properties": {"class_code": 3, "class_name": "water_gain", "area_ha": 0.02}}, {"type": "Feature", "geometry": {"type": "Polygon", "coordinates": [[[28.86967330127934, 41.124478019327064], [28.86967074501103, 41.12438798694777], [28.86978980958784, 41.124386053931964], [28.869779583980254, 41.12402592442372], [28.869898647895255, 41.12402399130929], [28.869911430746487, 41.12447415316031], [28.86967330127934, 41.124478019327064]]]}, "properties": {"class_code": 3, "class_name": "water_gain", "area_ha": 0.06}}, {"type": "Feature", "geometry": {"type": "Polygon", "coordinates": [[[28.874197753222074, 41.12440447804226], [28.874195190776625, 41.12431444589468], [28.87407612662909, 41.1243163834606], [28.874068439850106, 41.12404628699028], [28.874187503509976, 41.12404434944266], [28.87417981634787, 41.12377425297677], [28.87453700579483, 41.123768439651016], [28.874554946082633, 41.124398664588284], [28.874197753222074, 41.12440447804226]]]}, "properties": {"class_code": 3, "class_name": "water_gain", "area_ha": 0.24}}, {"type": "Feature", "geometry": {"type": "Polygon", "coordinates": [[[28.872888045172388, 41.12442578457096], [28.872880363235197, 41.12415568792218], [28.87276129928504, 41.124157624123185], [28.872756178376726, 41.12397755967075], [28.87216086007741, 41.1239872387701], [28.872153181240268, 41.12371714198839], [28.872867560238703, 41.12370552681004], [28.872880363235197, 41.12415568792218], [28.87311849110067, 41.124151815151265], [28.87312617401319, 41.12442191176345], [28.872888045172388, 41.12442578457096]]]}, "properties": {"class_code": 3, "class_name": "water_gain", "area_ha": 0.26}}, {"type": "Feature", "geometry": {"type": "Polygon", "coordinates": [[[28.8687131180785, 41.12422338178635], [28.868695233789996, 41.123593154725526], [28.868814296996497, 41.12359122274833], [28.86881685202266, 41.12368125518413], [28.868935915380135, 41.12367932307788], [28.868951246755675, 41.124219517623764], [28.8687131180785, 41.12422338178635]]]}, "properties": {"class_code": 3, "class_name": "water_gain", "area_ha": 0.13}}, {"type": "Feature", "geometry": {"type": "Polygon", "coordinates": [[[28.871322297010423, 41.12382071973928], [28.871312063228327, 41.12346059051085], [28.87166925156045, 41.123454786112376], [28.871679487293147, 41.123814915267644], [28.871322297010423, 41.12382071973928]]]}, "properties": {"class_code": 3, "class_name": "water_gain", "area_ha": 0.12}}, {"type": "Feature", "geometry": {"type": "Polygon", "coordinates": [[[28.870364674766133, 41.1236561282108], [28.87035700338294, 41.12338603113627], [28.87047606610212, 41.12338409744963], [28.870483737972965, 41.12365419450587], [28.870364674766133, 41.1236561282108]]]}, "properties": {"class_code": 3, "class_name": "water_gain", "area_ha": 0.03}}, {"type": "Feature", "geometry": {"type": "Polygon", "coordinates": [[[28.952867317243474, 41.12210653011854], [28.952859308035997, 41.12183644597986], [28.953216470551965, 41.1218303889542], [28.953224481221987, 41.12210047303563], [28.952867317243474, 41.12210653011854]]]}, "properties": {"class_code": 3, "class_name": "water_gain", "area_ha": 0.09}}, {"type": "Feature", "geometry": {"type": "Polygon", "coordinates": [[[28.872862439121352, 41.12352546235437], [28.872852197025953, 41.12316533342454], [28.872495010504828, 41.12317114145729], [28.87249245049763, 41.12308110920268], [28.87237338846326, 41.123083044961554], [28.872368268808767, 41.12290298043549], [28.872725453901808, 41.122897172826534], [28.87273057453156, 41.123077237316004], [28.873206822460148, 41.123069492067025], [28.873219627488577, 41.12351965314167], [28.872862439121352, 41.12352546235437]]]}, "properties": {"class_code": 3, "class_name": "water_gain", "area_ha": 0.24}}, {"type": "Feature", "geometry": {"type": "Polygon", "coordinates": [[[28.871418333237898, 41.12300849429455], [28.87140809922314, 41.122648365034976], [28.87128903789707, 41.122650299656634], [28.871286479584924, 41.12256026733179], [28.871167418409804, 41.12256220182439], [28.87115974403055, 41.122292104822286], [28.87139786539395, 41.1222882357507], [28.871392748548946, 41.12210817109931], [28.87151180888817, 41.12210623639127], [28.87153227784687, 41.12282649491103], [28.871770401091183, 41.12282262502849], [28.87177551909702, 41.123002689618616], [28.871418333237898, 41.12300849429455]]]}, "properties": {"class_code": 3, "class_name": "water_gain", "area_ha": 0.21}}, {"type": "Feature", "geometry": {"type": "Polygon", "coordinates": [[[28.873290029602106, 41.12180710431856], [28.87328746863124, 41.1217170720835], [28.87340652813466, 41.121715135432396], [28.873409089268065, 41.12180516766135], [28.873290029602106, 41.12180710431856]]]}, "properties": {"class_code": 3, "class_name": "water_gain", "area_ha": 0.01}}, {"type": "Feature", "geometry": {"type": "Polygon", "coordinates": [[[28.871612958348106, 41.12147407531712], [28.871597606628146, 41.120933881334274], [28.871478548413442, 41.12093581608603], [28.87147087319762, 41.12066571905551], [28.871589930924745, 41.120663784322026], [28.871597606628146, 41.120933881334274], [28.871835723022755, 41.120930011461844], [28.87184339980572, 41.12120010842364], [28.871724341126622, 41.121202043439624], [28.87173201752639, 41.12147214040582], [28.871612958348106, 41.12147407531712]]]}, "properties": {"class_code": 3, "class_name": "water_gain", "area_ha": 0.12}}, {"type": "Feature", "geometry": {"type": "Polygon", "coordinates": [[[28.870999757671907, 41.120853521497146], [28.870994642173173, 41.12067345675982], [28.871113699946676, 41.12067152251818], [28.87111881577047, 41.12085158724333], [28.870999757671907, 41.120853521497146]]]}, "properties": {"class_code": 3, "class_name": "water_gain", "area_ha": 0.02}}, {"type": "Feature", "geometry": {"type": "Polygon", "coordinates": [[[28.874926105679524, 41.12069959403079], [28.87492354257261, 41.12060956186267], [28.875042599963084, 41.12060762356336], [28.875045163232528, 41.12069765572535], [28.874926105679524, 41.12069959403079]]]}, "properties": {"class_code": 3, "class_name": "water_gain", "area_ha": 0.01}}, {"type": "Feature", "geometry": {"type": "Polygon", "coordinates": [[[28.87050818270527, 41.120321062906086], [28.870500511633512, 41.12005096569688], [28.870857681645383, 41.12004516420658], [28.87086535417983, 41.12031526136094], [28.87050818270527, 41.120321062906086]]]}, "properties": {"class_code": 3, "class_name": "water_gain", "area_ha": 0.09}}, {"type": "Feature", "geometry": {"type": "Polygon", "coordinates": [[[28.875394644585644, 41.12042174363562], [28.875384389766793, 41.12006161503312], [28.874908164175128, 41.12006936882159], [28.874905601149546, 41.11997933664267], [28.875738994675306, 41.11996576626455], [28.87573386638374, 41.11978570198762], [28.875852922230184, 41.119783762882555], [28.8758708725917, 41.12041398778208], [28.875394644585644, 41.12042174363562]]]}, "properties": {"class_code": 3, "class_name": "water_gain", "area_ha": 0.26}}, {"type": "Feature", "geometry": {"type": "Polygon", "coordinates": [[[28.87107789047878, 41.11941106926941], [28.87107533274661, 41.11932103688292], [28.87119438807071, 41.11931910260975], [28.8711969459654, 41.11940913499015], [28.87107789047878, 41.11941106926941]]]}, "properties": {"class_code": 3, "class_name": "water_gain", "area_ha": 0.01}}, {"type": "Feature", "geometry": {"type": "Polygon", "coordinates": [[[28.87454330728016, 41.11980508627556], [28.87453561980548, 41.11953498966534], [28.874297508820455, 41.119538865010824], [28.874294946677157, 41.11944883279212], [28.874652112649734, 41.11944301960778], [28.8746444248269, 41.11917292299736], [28.87476347964032, 41.11917098504165], [28.874768605168953, 41.11935104943794], [28.87488766029578, 41.11934911134707], [28.874895349163403, 41.11961920791159], [28.87465723792304, 41.11962308400702], [28.874662363242802, 41.119803148400074], [28.87454330728016, 41.11980508627556]]]}, "properties": {"class_code": 3, "class_name": "water_gain", "area_ha": 0.14}}, {"type": "Feature", "geometry": {"type": "Polygon", "coordinates": [[[28.877501737141188, 41.11912637812533], [28.87749403772214, 41.11885628194099], [28.87785119982787, 41.118850458907424], [28.877858900709505, 41.11912055503673], [28.877501737141188, 41.11912637812533]]]}, "properties": {"class_code": 3, "class_name": "water_gain", "area_ha": 0.09}}, {"type": "Feature", "geometry": {"type": "Polygon", "coordinates": [[[28.87416308160002, 41.119000609127134], [28.874160519688918, 41.11891057689307], [28.874279574061262, 41.11890863944749], [28.87428213613488, 41.11899867167545], [28.87416308160002, 41.119000609127134]]]}, "properties": {"class_code": 3, "class_name": "water_gain", "area_ha": 0.01}}, {"type": "Feature", "geometry": {"type": "Polygon", "coordinates": [[[28.8697478321293, 41.11871207855515], [28.869740164608608, 41.118441981153005], [28.87033543362514, 41.11843231562466], [28.870337990266332, 41.11852234806314], [28.870218936323692, 41.1185242814208], [28.870221492813954, 41.11861431386381], [28.869864330428978, 41.11862011321736], [28.869866886443308, 41.118710145677106], [28.8697478321293, 41.11871207855515]]]}, "properties": {"class_code": 3, "class_name": "water_gain", "area_ha": 0.1}}, {"type": "Feature", "geometry": {"type": "Polygon", "coordinates": [[[28.871680843499767, 41.11967149370227], [28.871675726352272, 41.11949142899797], [28.87131855950923, 41.11949723296066], [28.871316001440427, 41.119407200587915], [28.87155411235569, 41.1194033314146], [28.87153620392357, 41.11877310484749], [28.8708218778642, 41.11878471063599], [28.870819320538203, 41.11869467822653], [28.871176483132533, 41.11868887590385], [28.87116625199437, 41.11832874632368], [28.87152341253425, 41.11832294296756], [28.871528529055187, 41.11850300772416], [28.871885690465742, 41.118497203224926], [28.87189848440868, 41.11894736499797], [28.87201753900155, 41.1189454298885], [28.872038011213526, 41.11966568859639], [28.871680843499767, 41.11967149370227]]]}, "properties": {"class_code": 3, "class_name": "water_gain", "area_ha": 0.65}}, {"type": "Feature", "geometry": {"type": "Polygon", "coordinates": [[[28.868541963165523, 41.11819120538964], [28.868534300728534, 41.1179211077771], [28.868891459595584, 41.11791531262706], [28.868899123495126, 41.11818541018483], [28.868541963165523, 41.11819120538964]]]}, "properties": {"class_code": 3, "class_name": "water_gain", "area_ha": 0.09}}, {"type": "Feature", "geometry": {"type": "Polygon", "coordinates": [[[28.87444594032497, 41.11638386151988], [28.874443378263162, 41.11629382925938], [28.874562427888172, 41.116291891622005], [28.87456499011248, 41.11638192387641], [28.87444594032497, 41.11638386151988]]]}, "properties": {"class_code": 3, "class_name": "water_gain", "area_ha": 0.01}}, {"type": "Feature", "geometry": {"type": "Polygon", "coordinates": [[[28.876819237967553, 41.11607498887187], [28.87681154217232, 41.11580489243836], [28.877168687877905, 41.11579907187268], [28.8771763851355, 41.11606916825116], [28.876819237967553, 41.11607498887187]]]}, "properties": {"class_code": 3, "class_name": "water_gain", "area_ha": 0.09}}, {"type": "Feature", "geometry": {"type": "Polygon", "coordinates": [[[28.87372908026923, 41.116305452501834], [28.873721397078256, 41.116035355601205], [28.87395949548108, 41.11603148171543], [28.87395693411567, 41.11594144942435], [28.87407598313718, 41.11593951230315], [28.87407342162089, 41.1158494800166], [28.874192470468305, 41.11584754277858], [28.874189908801146, 41.115757510496614], [28.874308957474465, 41.11575557314175], [28.87430639565643, 41.11566554086434], [28.87442544415565, 41.11566360339265], [28.874422882186746, 41.11557357111979], [28.87454193051187, 41.11557163353127], [28.87454705478626, 41.11575169806321], [28.874428006136167, 41.11575363566394], [28.8744305681283, 41.1158436679337], [28.874311519304108, 41.11584560541762], [28.87431408114537, 41.11593563769195], [28.87419503214708, 41.11593757505902], [28.87419759383747, 41.116027607337905], [28.874078544665082, 41.11602954458814], [28.87408622931844, 41.11629964143385], [28.87372908026923, 41.116305452501834]]]}, "properties": {"class_code": 3, "class_name": "water_gain", "area_ha": 0.18}}, {"type": "Feature", "geometry": {"type": "Polygon", "coordinates": [[[28.872779242080842, 41.11641097561968], [28.8727664432621, 41.11596081387456], [28.87288549239968, 41.11595887798277], [28.872877812760215, 41.11568878093547], [28.87275876411009, 41.11569071680897], [28.872748525403182, 41.11533058736657], [28.87322471733433, 41.11532284323258], [28.873250320949097, 41.116223166548245], [28.87313127135886, 41.116225102827165], [28.87313639189611, 41.116405167483975], [28.872779242080842, 41.11641097561968]]]}, "properties": {"class_code": 3, "class_name": "water_gain", "area_ha": 0.43}}, {"type": "Feature", "geometry": {"type": "Polygon", "coordinates": [[[28.88800205777891, 41.11562198890959], [28.88799173578899, 41.115261862615235], [28.88822982944514, 41.115257959298084], [28.88822466787047, 41.115077896166234], [28.888581807292113, 41.115072040305414], [28.88859471375368, 41.115522198031194], [28.88835661919286, 41.11552610212285], [28.888359200195318, 41.11561613367568], [28.88800205777891, 41.11562198890959]]]}, "properties": {"class_code": 3, "class_name": "water_gain", "area_ha": 0.24}}, {"type": "Feature", "geometry": {"type": "Polygon", "coordinates": [[[28.876674538269366, 41.115176607272765], [28.87667197327142, 41.11508657510827], [28.876791020563353, 41.11508463521449], [28.876793585723775, 41.11517466737288], [28.876674538269366, 41.115176607272765]]]}, "properties": {"class_code": 3, "class_name": "water_gain", "area_ha": 0.01}}, {"type": "Feature", "geometry": {"type": "Polygon", "coordinates": [[[28.88844985547324, 41.11462383458678], [28.88844469341246, 41.11444377145791], [28.888206602727596, 41.11444767515608], [28.888204022039687, 41.11435764357703], [28.88808497684218, 41.11435959523556], [28.8880798158264, 41.114179532060504], [28.887841726046155, 41.114183434984206], [28.88783914588074, 41.11409340338207], [28.888196280046163, 41.11408754883057], [28.888204022039687, 41.11435764357703], [28.88844211239962, 41.11435373989115], [28.88844469341246, 41.11444377145791], [28.888801829352005, 41.11443791498866], [28.888794084886378, 41.11416782033911], [28.888675040072297, 41.11416977259999], [28.88867245876962, 41.114079741040904], [28.888434369431288, 41.114083645181594], [28.8884292075109, 41.113903582034176], [28.88866729619937, 41.11389967791808], [28.888662133675926, 41.11371961478908], [28.889138309612747, 41.11371180513099], [28.889133145836414, 41.11353174204502], [28.890561668624105, 41.11350830141749], [28.890556500995547, 41.11332823847306], [28.890913630454243, 41.11332237558729], [28.89092396770774, 41.11368250139607], [28.89068588011397, 41.11368641015877], [28.890683296107948, 41.11359637869658], [28.890326165116836, 41.11360224090021], [28.89033133216583, 41.11378230386], [28.88997420009455, 41.11378816499423], [28.889979366215602, 41.11396822798476], [28.889741277459684, 41.11397213481757], [28.889743860212842, 41.11406216632283], [28.88902959268936, 41.1140738839079], [28.889032174479432, 41.11416391544854], [28.888913129688756, 41.114165867955286], [28.88892345631621, 41.114525994127], [28.88880441086396, 41.114527946535425], [28.888806992387604, 41.11461797808064], [28.88844985547324, 41.11462383458678]]]}, "properties": {"class_code": 3, "class_name": "water_gain", "area_ha": 1.02}}, {"type": "Feature", "geometry": {"type": "Polygon", "coordinates": [[[28.887329434191674, 41.11293079644163], [28.887321696171178, 41.112660701491905], [28.887440738352094, 41.11265875068774], [28.887445897345646, 41.1128388139768], [28.887922067252013, 41.11283100948171], [28.887924647416156, 41.11292104109934], [28.887329434191674, 41.11293079644163]]]}, "properties": {"class_code": 3, "class_name": "water_gain", "area_ha": 0.07}}, {"type": "Feature", "geometry": {"type": "Polygon", "coordinates": [[[28.889451542550457, 41.112175410482784], [28.889441213890986, 41.11181528427343], [28.88956025439928, 41.11181333131205], [28.88957058370854, 41.11217345749678], [28.889451542550457, 41.112175410482784]]]}, "properties": {"class_code": 3, "class_name": "water_gain", "area_ha": 0.04}}, {"type": "Feature", "geometry": {"type": "Polygon", "coordinates": [[[28.88621938253178, 41.11159787259635], [28.886209071743977, 41.11123774567974], [28.8863281114309, 41.111235796080166], [28.886338422868487, 41.11159592297221], [28.88621938253178, 41.11159787259635]]]}, "properties": {"class_code": 3, "class_name": "water_gain", "area_ha": 0.04}}, {"type": "Feature", "geometry": {"type": "Polygon", "coordinates": [[[28.88655587821953, 41.11087176964467], [28.88654814392961, 41.11060167447774], [28.88690525943891, 41.11059582433306], [28.886912995190784, 41.110865919444684], [28.88655587821953, 41.11087176964467]]]}, "properties": {"class_code": 3, "class_name": "water_gain", "area_ha": 0.09}}, {"type": "Feature", "geometry": {"type": "Polygon", "coordinates": [[[28.925072624429173, 41.100326300758425], [28.925064735217873, 41.10005621115049], [28.925421785595677, 41.10005024287046], [28.925429676268013, 41.10032033242199], [28.925072624429173, 41.100326300758425]]]}, "properties": {"class_code": 3, "class_name": "water_gain", "area_ha": 0.09}}]}